{
  "accuracy": 0.659,
  "top2_accuracy": 0.837,
  "correct": 659,
  "total": 1000,
  "ece": 0.07960961914062498,
  "throughput": 10.327915192992423,
  "avg_latency": 0.09682496237754822,
  "flops": 8796093022208,
  "tokens_per_second": 3008.571958305182,
  "ms_per_token": 0.33238360719260635,
  "samples_per_second": 10.578291755933975,
  "total_time": 9.453322172164917,
  "total_params": 7241732096,
  "active_params": 7241732096,
  "trainable_params": 262410240,
  "sparsity_ratio": 1.0,
  "model_size_mb": 7156.508056640625,
  "gpu_memory_allocated_gb": 7.026926040649414,
  "gpu_memory_reserved_gb": 7.857421875
}