{
  "accuracy": 0.372,
  "top2_accuracy": 0.612,
  "ece": 0.08735340750217441,
  "flops": 3023656976384.0,
  "tokens_per_second": 972.3194494819663,
  "ms_per_token": 1.0284685763848305,
  "samples_per_second": 3.34406193933817,
  "total_time": 14.951876163482666,
  "total_params": 23497805824,
  "active_params": 23497805824,
  "trainable_params": 14680064,
  "sparsity_ratio": 1.0,
  "model_size_mb": 23205.015869140625,
  "gpu_memory_allocated_gb": 59.326701641082764,
  "gpu_memory_reserved_gb": 68.37890625,
  "phase": "trained",
  "pre_train_accuracy": 0.324,
  "accuracy_gain": 0.04799999999999999,
  "pre_train_results": {
    "accuracy": 0.324,
    "top2_accuracy": 0.604,
    "ece": 0.04887597656249999,
    "flops": 3023656976384.0,
    "tokens_per_second": 306.52326872299204,
    "ms_per_token": 3.2623950676439817,
    "samples_per_second": 1.0542140209210071,
    "total_time": 47.4286994934082,
    "total_params": 23483125760,
    "active_params": 23483125760,
    "trainable_params": 263458816,
    "sparsity_ratio": 1.0,
    "model_size_mb": 22646.508056640625,
    "gpu_memory_allocated_gb": 58.31991910934448,
    "gpu_memory_reserved_gb": 63.818359375
  },
  "config": {
    "num_experts": 8,
    "num_experts_per_tok": 2,
    "router_jitter_noise": 0.0,
    "router_aux_loss_coef": 0.001,
    "expert_layers": "all",
    "layer_indices": null,
    "load_balancing_loss_coef": 0.01,
    "experiment_name": "baseline_8experts",
    "description": "Standard 8-expert MoE with top-2 routing"
  },
  "timestamp": 1765696357.398698
}