{
  "accuracy": 0.368,
  "top2_accuracy": 0.588,
  "ece": 0.12744403302669524,
  "flops": 3023656976384.0,
  "tokens_per_second": 1516.1622008931108,
  "ms_per_token": 0.6595600387682398,
  "samples_per_second": 5.214479986563182,
  "total_time": 9.588683843612671,
  "total_params": 23497805824,
  "active_params": 23497805824,
  "trainable_params": 14680064,
  "sparsity_ratio": 1.0,
  "model_size_mb": 23205.015869140625,
  "gpu_memory_allocated_gb": 79.28058052062988,
  "gpu_memory_reserved_gb": 88.984375,
  "phase": "trained",
  "pre_train_accuracy": 0.288,
  "accuracy_gain": 0.08000000000000002,
  "pre_train_results": {
    "accuracy": 0.288,
    "top2_accuracy": 0.544,
    "ece": 0.10927636718750003,
    "flops": 3023656976384.0,
    "tokens_per_second": 1037.9330100694672,
    "ms_per_token": 0.9634533156750373,
    "samples_per_second": 3.5697242057692504,
    "total_time": 14.006684303283691,
    "total_params": 23483125760,
    "active_params": 23483125760,
    "trainable_params": 263458816,
    "sparsity_ratio": 1.0,
    "model_size_mb": 22646.508056640625,
    "gpu_memory_allocated_gb": 78.23467445373535,
    "gpu_memory_reserved_gb": 83.826171875
  },
  "config": {
    "num_experts": 8,
    "num_experts_per_tok": 2,
    "router_jitter_noise": 0.0,
    "router_aux_loss_coef": 0.001,
    "expert_layers": "all",
    "layer_indices": null,
    "load_balancing_loss_coef": 0.01,
    "experiment_name": "baseline_8x2",
    "description": "Standard 8 experts, top-2 routing, all layers"
  },
  "timestamp": 1765721628.402557
}