{
  "accuracy": 0.466,
  "top2_accuracy": 0.69,
  "ece": 0.054836143016815185,
  "flops": 3023656976384.0,
  "tokens_per_second": 1169.1243130218388,
  "ms_per_token": 0.8553410350481012,
  "samples_per_second": 4.020925550357129,
  "total_time": 12.434947967529297,
  "total_params": 23497805824,
  "active_params": 23497805824,
  "trainable_params": 14680064,
  "sparsity_ratio": 1.0,
  "model_size_mb": 23205.015869140625,
  "gpu_memory_allocated_gb": 76.81716012954712,
  "gpu_memory_reserved_gb": 86.16796875,
  "phase": "trained",
  "pre_train_accuracy": 0.43,
  "accuracy_gain": 0.03600000000000003,
  "pre_train_results": {
    "accuracy": 0.43,
    "top2_accuracy": 0.678,
    "ece": 0.05442968750000002,
    "flops": 3023656976384.0,
    "tokens_per_second": 654.6457050636288,
    "ms_per_token": 1.5275438183815842,
    "samples_per_second": 2.2514985041395956,
    "total_time": 22.20743203163147,
    "total_params": 23483125760,
    "active_params": 23483125760,
    "trainable_params": 263458816,
    "sparsity_ratio": 1.0,
    "model_size_mb": 22646.508056640625,
    "gpu_memory_allocated_gb": 75.80253458023071,
    "gpu_memory_reserved_gb": 80.783203125
  },
  "config": {
    "num_experts": 8,
    "num_experts_per_tok": 2,
    "router_jitter_noise": 0.2,
    "router_aux_loss_coef": 0.001,
    "expert_layers": "all",
    "layer_indices": null,
    "load_balancing_loss_coef": 0.01,
    "experiment_name": "routing_noisy_8x2",
    "description": "Noisy routing: 8 experts, top-2, high jitter (0.2)"
  },
  "timestamp": 1765712601.3201284
}