{
  "accuracy": 0.36,
  "top2_accuracy": 0.624,
  "ece": 0.05540671944618225,
  "flops": 4947802324992.0,
  "tokens_per_second": 1892.2488364291653,
  "ms_per_token": 0.5284717214502747,
  "samples_per_second": 6.5079406948313565,
  "total_time": 7.682921886444092,
  "total_params": 12222468096,
  "active_params": 12222468096,
  "trainable_params": 14155776,
  "sparsity_ratio": 1.0,
  "model_size_mb": 12449.015869140625,
  "gpu_memory_allocated_gb": 48.656413555145264,
  "gpu_memory_reserved_gb": 58.65625,
  "phase": "trained",
  "pre_train_accuracy": 0.352,
  "accuracy_gain": 0.008000000000000007,
  "pre_train_results": {
    "accuracy": 0.352,
    "top2_accuracy": 0.604,
    "ece": 0.0615380859375,
    "flops": 4947802324992.0,
    "tokens_per_second": 724.6715287577937,
    "ms_per_token": 1.3799355436443936,
    "samples_per_second": 2.492335702152269,
    "total_time": 20.061502933502197,
    "total_params": 12208312320,
    "active_params": 12208312320,
    "trainable_params": 262934528,
    "sparsity_ratio": 1.0,
    "model_size_mb": 11893.508056640625,
    "gpu_memory_allocated_gb": 48.00448942184448,
    "gpu_memory_reserved_gb": 52.982421875
  },
  "config": {
    "num_experts": 4,
    "num_experts_per_tok": 2,
    "router_jitter_noise": 0.0,
    "router_aux_loss_coef": 0.001,
    "expert_layers": "all",
    "layer_indices": null,
    "load_balancing_loss_coef": 0.01,
    "experiment_name": "sparse_4experts",
    "description": "Memory-efficient 4-expert configuration"
  },
  "timestamp": 1765697138.8893945
}