{
  "accuracy": 0.41,
  "top2_accuracy": 0.628,
  "ece": 0.06066812682151796,
  "flops": 2061584302080.0,
  "tokens_per_second": 2204.7426209730866,
  "ms_per_token": 0.4535676819993797,
  "samples_per_second": 7.582688887649907,
  "total_time": 6.593966960906982,
  "total_params": 23497805824,
  "active_params": 23497805824,
  "trainable_params": 14680064,
  "sparsity_ratio": 1.0,
  "model_size_mb": 23205.015869140625,
  "gpu_memory_allocated_gb": 75.84059762954712,
  "gpu_memory_reserved_gb": 85.3046875,
  "phase": "trained",
  "pre_train_accuracy": 0.254,
  "accuracy_gain": 0.15599999999999997,
  "pre_train_results": {
    "accuracy": 0.254,
    "top2_accuracy": 0.498,
    "ece": 0.06010546875000001,
    "flops": 2061584302080.0,
    "tokens_per_second": 911.3634960702966,
    "ms_per_token": 1.0972570267647261,
    "samples_per_second": 3.134418407175322,
    "total_time": 15.95192265510559,
    "total_params": 23483125760,
    "active_params": 23483125760,
    "trainable_params": 263458816,
    "sparsity_ratio": 1.0,
    "model_size_mb": 22646.508056640625,
    "gpu_memory_allocated_gb": 74.82597208023071,
    "gpu_memory_reserved_gb": 79.765625
  },
  "config": {
    "num_experts": 8,
    "num_experts_per_tok": 1,
    "router_jitter_noise": 0.0,
    "router_aux_loss_coef": 0.001,
    "expert_layers": "all",
    "layer_indices": null,
    "load_balancing_loss_coef": 0.01,
    "experiment_name": "top1_8x1",
    "description": "Top-1 routing: 8 experts, single expert per token"
  },
  "timestamp": 1765704200.924701
}