{
  "accuracy": 0.488,
  "top2_accuracy": 0.694,
  "ece": 0.03220793759822843,
  "flops": 1580547964928.0,
  "tokens_per_second": 2047.0804790702368,
  "ms_per_token": 0.4885005793490786,
  "samples_per_second": 7.040447376084182,
  "total_time": 7.101821422576904,
  "total_params": 46048481280,
  "active_params": 46048481280,
  "trainable_params": 15728640,
  "sparsity_ratio": 1.0,
  "model_size_mb": 44717.015869140625,
  "gpu_memory_allocated_gb": 97.629385471344,
  "gpu_memory_reserved_gb": 107.0078125,
  "phase": "trained",
  "pre_train_accuracy": 0.266,
  "accuracy_gain": 0.22199999999999998,
  "pre_train_results": {
    "accuracy": 0.266,
    "top2_accuracy": 0.476,
    "ece": 0.020730468750000005,
    "flops": 1580547964928.0,
    "tokens_per_second": 653.1409205330643,
    "ms_per_token": 1.5310631573716815,
    "samples_per_second": 2.24632315494932,
    "total_time": 22.258596181869507,
    "total_params": 46032752640,
    "active_params": 46032752640,
    "trainable_params": 264507392,
    "sparsity_ratio": 1.0,
    "model_size_mb": 44152.508056640625,
    "gpu_memory_allocated_gb": 96.98417520523071,
    "gpu_memory_reserved_gb": 101.861328125
  },
  "config": {
    "num_experts": 16,
    "num_experts_per_tok": 1,
    "router_jitter_noise": 0.0,
    "router_aux_loss_coef": 0.001,
    "expert_layers": "all",
    "layer_indices": null,
    "load_balancing_loss_coef": 0.01,
    "experiment_name": "top1_16x1",
    "description": "Top-1 routing: 16 experts, single expert per token"
  },
  "timestamp": 1765708968.0368302
}