{
  "placement_mixed_8x2_standard": {
    "accuracy": 0.676,
    "top2_accuracy": 0.864,
    "ece": 0.0530656704902649,
    "flops": 3023656976384.0,
    "tokens_per_second": 9063.104187633073,
    "ms_per_token": 0.11033747149950406,
    "samples_per_second": 31.170395472668428,
    "total_time": 1.60408616065979,
    "total_params": 22053261408,
    "active_params": 22053261408,
    "trainable_params": 13631488,
    "sparsity_ratio": 1.0,
    "model_size_mb": 42089.258239746094,
    "gpu_memory_allocated_gb": 42.836655139923096,
    "gpu_memory_reserved_gb": 44.40625,
    "phase": "standard_training",
    "training_mode": "standard",
    "pre_train_accuracy": 0.667,
    "accuracy_gain": 0.009000000000000008,
    "timestamp": 1766020995.0786629
  },
  "placement_mixed_8x2_kd": {
    "accuracy": 0.689,
    "top2_accuracy": 0.867,
    "ece": 0.04309778806567195,
    "flops": 3023656976384.0,
    "tokens_per_second": 9184.195056178964,
    "ms_per_token": 0.10888270489499434,
    "samples_per_second": 31.586858770735187,
    "total_time": 1.5829367637634277,
    "total_params": 22053261408,
    "active_params": 22053261408,
    "trainable_params": 13631488,
    "sparsity_ratio": 1.0,
    "model_size_mb": 42089.258239746094,
    "gpu_memory_allocated_gb": 43.192577838897705,
    "gpu_memory_reserved_gb": 44.8359375,
    "phase": "kd_training",
    "training_mode": "kd",
    "pre_train_accuracy": 0.667,
    "accuracy_gain": 0.02199999999999991,
    "kd_config": {
      "kd_alpha": 0.5,
      "temperature": 4.0,
      "routing_kd_weight": 0.0,
      "expert_spec_weight": 0.0,
      "enable_routing_kd": false,
      "enable_ka": false,
      "enable_sar": false,
      "enable_non_activated": false,
      "router_aux_loss_coef": 0.001,
      "name": "Standard KD"
    },
    "timestamp": 1766021475.3739498
  },
  "placement_mixed_8x2_unified": {
    "experiment_name": "placement_mixed_8x2",
    "config": {
      "num_experts": 8,
      "num_experts_per_tok": 2,
      "router_jitter_noise": 0.0,
      "router_aux_loss_coef": 0.001,
      "expert_layers": "selected",
      "layer_indices": [
        0,
        1,
        2,
        3,
        14,
        15,
        16,
        17,
        28,
        29,
        30,
        31
      ],
      "load_balancing_loss_coef": 0.01,
      "experiment_name": "placement_mixed_8x2",
      "description": "Mixed placement: Experts in first 4, middle 4, and last 4 layers"
    },
    "phases": {
      "pre_training": {
        "accuracy": 0.667,
        "top2_accuracy": 0.832,
        "ece": 0.08454492187500001,
        "flops": 3023656976384.0,
        "tokens_per_second": 11396.953827572472,
        "ms_per_token": 0.08774274381815214,
        "samples_per_second": 39.19711730489914,
        "total_time": 1.275604009628296,
        "total_params": 22039629920,
        "active_params": 22039629920,
        "trainable_params": 22039629920,
        "sparsity_ratio": 1.0,
        "model_size_mb": 42037.258239746094,
        "gpu_memory_allocated_gb": 42.4041314125061,
        "gpu_memory_reserved_gb": 42.8125,
        "phase": "pre_training",
        "timestamp": 1766020516.6211183
      },
      "standard_training": {
        "accuracy": 0.676,
        "top2_accuracy": 0.864,
        "ece": 0.0530656704902649,
        "flops": 3023656976384.0,
        "tokens_per_second": 9063.104187633073,
        "ms_per_token": 0.11033747149950406,
        "samples_per_second": 31.170395472668428,
        "total_time": 1.60408616065979,
        "total_params": 22053261408,
        "active_params": 22053261408,
        "trainable_params": 13631488,
        "sparsity_ratio": 1.0,
        "model_size_mb": 42089.258239746094,
        "gpu_memory_allocated_gb": 42.836655139923096,
        "gpu_memory_reserved_gb": 44.40625,
        "phase": "standard_training",
        "training_mode": "standard",
        "pre_train_accuracy": 0.667,
        "accuracy_gain": 0.009000000000000008,
        "timestamp": 1766020995.0786629
      },
      "kd_training": {
        "accuracy": 0.689,
        "top2_accuracy": 0.867,
        "ece": 0.04309778806567195,
        "flops": 3023656976384.0,
        "tokens_per_second": 9184.195056178964,
        "ms_per_token": 0.10888270489499434,
        "samples_per_second": 31.586858770735187,
        "total_time": 1.5829367637634277,
        "total_params": 22053261408,
        "active_params": 22053261408,
        "trainable_params": 13631488,
        "sparsity_ratio": 1.0,
        "model_size_mb": 42089.258239746094,
        "gpu_memory_allocated_gb": 43.192577838897705,
        "gpu_memory_reserved_gb": 44.8359375,
        "phase": "kd_training",
        "training_mode": "kd",
        "pre_train_accuracy": 0.667,
        "accuracy_gain": 0.02199999999999991,
        "kd_config": {
          "kd_alpha": 0.5,
          "temperature": 4.0,
          "routing_kd_weight": 0.0,
          "expert_spec_weight": 0.0,
          "enable_routing_kd": false,
          "enable_ka": false,
          "enable_sar": false,
          "enable_non_activated": false,
          "router_aux_loss_coef": 0.001,
          "name": "Standard KD"
        },
        "timestamp": 1766021475.3739498
      }
    },
    "placement_mixed_8x2_standard": {
      "accuracy": 0.676,
      "top2_accuracy": 0.864,
      "ece": 0.0530656704902649,
      "flops": 3023656976384.0,
      "tokens_per_second": 9063.104187633073,
      "ms_per_token": 0.11033747149950406,
      "samples_per_second": 31.170395472668428,
      "total_time": 1.60408616065979,
      "total_params": 22053261408,
      "active_params": 22053261408,
      "trainable_params": 13631488,
      "sparsity_ratio": 1.0,
      "model_size_mb": 42089.258239746094,
      "gpu_memory_allocated_gb": 42.836655139923096,
      "gpu_memory_reserved_gb": 44.40625,
      "phase": "standard_training",
      "training_mode": "standard",
      "pre_train_accuracy": 0.667,
      "accuracy_gain": 0.009000000000000008,
      "timestamp": 1766020995.0786629
    },
    "placement_mixed_8x2_kd": {
      "accuracy": 0.689,
      "top2_accuracy": 0.867,
      "ece": 0.04309778806567195,
      "flops": 3023656976384.0,
      "tokens_per_second": 9184.195056178964,
      "ms_per_token": 0.10888270489499434,
      "samples_per_second": 31.586858770735187,
      "total_time": 1.5829367637634277,
      "total_params": 22053261408,
      "active_params": 22053261408,
      "trainable_params": 13631488,
      "sparsity_ratio": 1.0,
      "model_size_mb": 42089.258239746094,
      "gpu_memory_allocated_gb": 43.192577838897705,
      "gpu_memory_reserved_gb": 44.8359375,
      "phase": "kd_training",
      "training_mode": "kd",
      "pre_train_accuracy": 0.667,
      "accuracy_gain": 0.02199999999999991,
      "kd_config": {
        "kd_alpha": 0.5,
        "temperature": 4.0,
        "routing_kd_weight": 0.0,
        "expert_spec_weight": 0.0,
        "enable_routing_kd": false,
        "enable_ka": false,
        "enable_sar": false,
        "enable_non_activated": false,
        "router_aux_loss_coef": 0.001,
        "name": "Standard KD"
      },
      "timestamp": 1766021475.3739498
    },
    "timestamp": 1766021475.3764348
  }
}