{
  "accuracy": 0.694,
  "top2_accuracy": 0.862,
  "ece": 0.04327019652724264,
  "flops": 3023656976384.0,
  "tokens_per_second": 5795.207568494538,
  "ms_per_token": 0.17255637320679734,
  "samples_per_second": 19.93124077759849,
  "total_time": 2.50862455368042,
  "total_params": 46716424448,
  "active_params": 46716424448,
  "trainable_params": 13631488,
  "sparsity_ratio": 1.0,
  "model_size_mb": 89130.50854492188,
  "gpu_memory_allocated_gb": 94.58782577514648,
  "gpu_memory_reserved_gb": 95.876953125,
  "phase": "trained",
  "training_mode": "standard",
  "pre_train_accuracy": 0.67,
  "accuracy_gain": 0.02399999999999991,
  "pre_train_results": {
    "accuracy": 0.67,
    "top2_accuracy": 0.833,
    "ece": 0.08756640625,
    "flops": 3023656976384.0,
    "tokens_per_second": 6858.142195056142,
    "ms_per_token": 0.14581208314999278,
    "samples_per_second": 23.586952108461073,
    "total_time": 2.1198160648345947,
    "total_params": 46702792960,
    "active_params": 46702792960,
    "trainable_params": 46702792960,
    "sparsity_ratio": 1.0,
    "model_size_mb": 89078.50854492188,
    "gpu_memory_allocated_gb": 93.56209754943848,
    "gpu_memory_reserved_gb": 93.859375
  },
  "config": {
    "num_experts": 8,
    "num_experts_per_tok": 2,
    "router_jitter_noise": 0.0,
    "router_aux_loss_coef": 0.05,
    "expert_layers": "all",
    "layer_indices": null,
    "load_balancing_loss_coef": 0.01,
    "experiment_name": "balanced_8x2",
    "description": "Load Balanced: 8 experts, top-2, high aux loss coef (0.05)"
  },
  "timestamp": 1765935185.487847
}