{
  "accuracy": 0.694,
  "top2_accuracy": 0.858,
  "ece": 0.050273593008518205,
  "flops": 3023656976384.0,
  "tokens_per_second": 5664.019716061443,
  "ms_per_token": 0.17655305774524463,
  "samples_per_second": 19.48005130025259,
  "total_time": 2.566728353500366,
  "total_params": 46716424448,
  "active_params": 46716424448,
  "trainable_params": 13631488,
  "sparsity_ratio": 1.0,
  "model_size_mb": 89130.50854492188,
  "gpu_memory_allocated_gb": 89.0300555229187,
  "gpu_memory_reserved_gb": 90.359375,
  "phase": "kd_training",
  "training_mode": "kd",
  "pre_train_accuracy": 0.67,
  "accuracy_gain": 0.02399999999999991,
  "kd_config": {
    "kd_alpha": 0.5,
    "temperature": 4.0,
    "routing_kd_weight": 0.0,
    "expert_spec_weight": 0.0,
    "enable_routing_kd": false,
    "enable_ka": false,
    "enable_sar": false,
    "enable_non_activated": false,
    "router_aux_loss_coef": 0.001,
    "name": "Standard KD"
  },
  "timestamp": 1766016177.7631564
}