{
  "experiment_name": "balanced_8x2",
  "config": {
    "num_experts": 8,
    "num_experts_per_tok": 2,
    "router_jitter_noise": 0.0,
    "router_aux_loss_coef": 0.05,
    "expert_layers": "all",
    "layer_indices": null,
    "load_balancing_loss_coef": 0.01,
    "experiment_name": "balanced_8x2",
    "description": "Load Balanced: 8 experts, top-2, high aux loss coef (0.05)"
  },
  "phases": {
    "pre_training": {
      "accuracy": 0.67,
      "top2_accuracy": 0.833,
      "ece": 0.08756640625,
      "flops": 3023656976384.0,
      "tokens_per_second": 6875.727545841629,
      "ms_per_token": 0.14543915437789415,
      "samples_per_second": 23.64743274811401,
      "total_time": 2.114394426345825,
      "total_params": 46702792960,
      "active_params": 46702792960,
      "trainable_params": 46702792960,
      "sparsity_ratio": 1.0,
      "model_size_mb": 89078.50854492188,
      "gpu_memory_allocated_gb": 87.02297353744507,
      "gpu_memory_reserved_gb": 87.28515625,
      "phase": "pre_training",
      "timestamp": 1766014587.9753604
    },
    "standard_training": {
      "accuracy": 0.701,
      "top2_accuracy": 0.862,
      "ece": 0.04600465926527977,
      "flops": 3023656976384.0,
      "tokens_per_second": 5073.725708676103,
      "ms_per_token": 0.19709382363536004,
      "samples_per_second": 17.449875184606213,
      "total_time": 2.8653500080108643,
      "total_params": 46716424448,
      "active_params": 46716424448,
      "trainable_params": 13631488,
      "sparsity_ratio": 1.0,
      "model_size_mb": 89130.50854492188,
      "gpu_memory_allocated_gb": 88.08092832565308,
      "gpu_memory_reserved_gb": 89.361328125,
      "phase": "standard_training",
      "training_mode": "standard",
      "pre_train_accuracy": 0.67,
      "accuracy_gain": 0.030999999999999917,
      "timestamp": 1766015384.2946773
    },
    "kd_training": {
      "accuracy": 0.694,
      "top2_accuracy": 0.858,
      "ece": 0.050273593008518205,
      "flops": 3023656976384.0,
      "tokens_per_second": 5664.019716061443,
      "ms_per_token": 0.17655305774524463,
      "samples_per_second": 19.48005130025259,
      "total_time": 2.566728353500366,
      "total_params": 46716424448,
      "active_params": 46716424448,
      "trainable_params": 13631488,
      "sparsity_ratio": 1.0,
      "model_size_mb": 89130.50854492188,
      "gpu_memory_allocated_gb": 89.0300555229187,
      "gpu_memory_reserved_gb": 90.359375,
      "phase": "kd_training",
      "training_mode": "kd",
      "pre_train_accuracy": 0.67,
      "accuracy_gain": 0.02399999999999991,
      "kd_config": {
        "kd_alpha": 0.5,
        "temperature": 4.0,
        "routing_kd_weight": 0.0,
        "expert_spec_weight": 0.0,
        "enable_routing_kd": false,
        "enable_ka": false,
        "enable_sar": false,
        "enable_non_activated": false,
        "router_aux_loss_coef": 0.001,
        "name": "Standard KD"
      },
      "timestamp": 1766016177.7631564
    }
  },
  "balanced_8x2_standard": {
    "accuracy": 0.701,
    "top2_accuracy": 0.862,
    "ece": 0.04600465926527977,
    "flops": 3023656976384.0,
    "tokens_per_second": 5073.725708676103,
    "ms_per_token": 0.19709382363536004,
    "samples_per_second": 17.449875184606213,
    "total_time": 2.8653500080108643,
    "total_params": 46716424448,
    "active_params": 46716424448,
    "trainable_params": 13631488,
    "sparsity_ratio": 1.0,
    "model_size_mb": 89130.50854492188,
    "gpu_memory_allocated_gb": 88.08092832565308,
    "gpu_memory_reserved_gb": 89.361328125,
    "phase": "standard_training",
    "training_mode": "standard",
    "pre_train_accuracy": 0.67,
    "accuracy_gain": 0.030999999999999917,
    "timestamp": 1766015384.2946773
  },
  "balanced_8x2_kd": {
    "accuracy": 0.694,
    "top2_accuracy": 0.858,
    "ece": 0.050273593008518205,
    "flops": 3023656976384.0,
    "tokens_per_second": 5664.019716061443,
    "ms_per_token": 0.17655305774524463,
    "samples_per_second": 19.48005130025259,
    "total_time": 2.566728353500366,
    "total_params": 46716424448,
    "active_params": 46716424448,
    "trainable_params": 13631488,
    "sparsity_ratio": 1.0,
    "model_size_mb": 89130.50854492188,
    "gpu_memory_allocated_gb": 89.0300555229187,
    "gpu_memory_reserved_gb": 90.359375,
    "phase": "kd_training",
    "training_mode": "kd",
    "pre_train_accuracy": 0.67,
    "accuracy_gain": 0.02399999999999991,
    "kd_config": {
      "kd_alpha": 0.5,
      "temperature": 4.0,
      "routing_kd_weight": 0.0,
      "expert_spec_weight": 0.0,
      "enable_routing_kd": false,
      "enable_ka": false,
      "enable_sar": false,
      "enable_non_activated": false,
      "router_aux_loss_coef": 0.001,
      "name": "Standard KD"
    },
    "timestamp": 1766016177.7631564
  },
  "timestamp": 1766016177.7656546
}