{
  "accuracy": 0.687,
  "top2_accuracy": 0.863,
  "ece": 0.04629240670800205,
  "flops": 3023656976384.0,
  "tokens_per_second": 8264.099657980005,
  "ms_per_token": 0.12100531714115727,
  "samples_per_second": 28.422409058948983,
  "total_time": 1.7591753005981445,
  "total_params": 24167321728,
  "active_params": 24167321728,
  "trainable_params": 13631488,
  "sparsity_ratio": 1.0,
  "model_size_mb": 46121.50830078125,
  "gpu_memory_allocated_gb": 52.56009864807129,
  "gpu_memory_reserved_gb": 53.9765625,
  "phase": "trained",
  "training_mode": "standard",
  "pre_train_accuracy": 0.664,
  "accuracy_gain": 0.02300000000000002,
  "pre_train_results": {
    "accuracy": 0.664,
    "top2_accuracy": 0.831,
    "ece": 0.08158789062500002,
    "flops": 3023656976384.0,
    "tokens_per_second": 10346.030236159124,
    "ms_per_token": 0.09665542987734797,
    "samples_per_second": 35.5827150782746,
    "total_time": 1.4051766395568848,
    "total_params": 24153690240,
    "active_params": 24153690240,
    "trainable_params": 24153690240,
    "sparsity_ratio": 1.0,
    "model_size_mb": 46069.50830078125,
    "gpu_memory_allocated_gb": 51.52889442443848,
    "gpu_memory_reserved_gb": 51.806640625
  },
  "config": {
    "num_experts": 4,
    "num_experts_per_tok": 1,
    "router_jitter_noise": 0.0,
    "router_aux_loss_coef": 0.001,
    "expert_layers": "all",
    "layer_indices": null,
    "load_balancing_loss_coef": 0.01,
    "experiment_name": "efficient_4x1",
    "description": "Efficient: 4 experts, top-1 routing"
  },
  "timestamp": 1765929848.5621138
}