{
  "accuracy": 0.689,
  "top2_accuracy": 0.864,
  "ece": 0.038293178498744994,
  "flops": 3023656976384.0,
  "tokens_per_second": 7887.540309935332,
  "ms_per_token": 0.1267822363760698,
  "samples_per_second": 27.12732256821891,
  "total_time": 1.8431601524353027,
  "total_params": 24167321728,
  "active_params": 24167321728,
  "trainable_params": 13631488,
  "sparsity_ratio": 1.0,
  "model_size_mb": 46121.50830078125,
  "gpu_memory_allocated_gb": 48.314878940582275,
  "gpu_memory_reserved_gb": 49.83984375,
  "phase": "kd_training",
  "training_mode": "kd",
  "pre_train_accuracy": 0.664,
  "accuracy_gain": 0.02499999999999991,
  "kd_config": {
    "kd_alpha": 0.5,
    "temperature": 4.0,
    "routing_kd_weight": 0.0,
    "expert_spec_weight": 0.0,
    "enable_routing_kd": false,
    "enable_ka": false,
    "enable_sar": false,
    "enable_non_activated": false,
    "router_aux_loss_coef": 0.001,
    "name": "Standard KD"
  },
  "timestamp": 1766000962.9666348
}