{
  "experiment_name": "efficient_4x1",
  "config": {
    "num_experts": 4,
    "num_experts_per_tok": 1,
    "router_jitter_noise": 0.0,
    "router_aux_loss_coef": 0.001,
    "expert_layers": "all",
    "layer_indices": null,
    "load_balancing_loss_coef": 0.01,
    "experiment_name": "efficient_4x1",
    "description": "Efficient: 4 experts, top-1 routing"
  },
  "phases": {
    "pre_training": {
      "accuracy": 0.664,
      "top2_accuracy": 0.831,
      "ece": 0.08158789062500002,
      "flops": 3023656976384.0,
      "tokens_per_second": 10355.593860701612,
      "ms_per_token": 0.09656616640740369,
      "samples_per_second": 35.615606894695325,
      "total_time": 1.403878927230835,
      "total_params": 24153690240,
      "active_params": 24153690240,
      "trainable_params": 24153690240,
      "sparsity_ratio": 1.0,
      "model_size_mb": 46069.50830078125,
      "gpu_memory_allocated_gb": 46.34188508987427,
      "gpu_memory_reserved_gb": 46.736328125,
      "phase": "pre_training",
      "timestamp": 1765999900.030624
    },
    "standard_training": {
      "accuracy": 0.698,
      "top2_accuracy": 0.861,
      "ece": 0.03972751954197882,
      "flops": 3023656976384.0,
      "tokens_per_second": 7757.627607411838,
      "ms_per_token": 0.12890538842629853,
      "samples_per_second": 26.680518666294667,
      "total_time": 1.8740265369415283,
      "total_params": 24167321728,
      "active_params": 24167321728,
      "trainable_params": 13631488,
      "sparsity_ratio": 1.0,
      "model_size_mb": 46121.50830078125,
      "gpu_memory_allocated_gb": 47.36668252944946,
      "gpu_memory_reserved_gb": 48.822265625,
      "phase": "standard_training",
      "training_mode": "standard",
      "pre_train_accuracy": 0.664,
      "accuracy_gain": 0.03399999999999992,
      "timestamp": 1766000434.1578043
    },
    "kd_training": {
      "accuracy": 0.689,
      "top2_accuracy": 0.864,
      "ece": 0.038293178498744994,
      "flops": 3023656976384.0,
      "tokens_per_second": 7887.540309935332,
      "ms_per_token": 0.1267822363760698,
      "samples_per_second": 27.12732256821891,
      "total_time": 1.8431601524353027,
      "total_params": 24167321728,
      "active_params": 24167321728,
      "trainable_params": 13631488,
      "sparsity_ratio": 1.0,
      "model_size_mb": 46121.50830078125,
      "gpu_memory_allocated_gb": 48.314878940582275,
      "gpu_memory_reserved_gb": 49.83984375,
      "phase": "kd_training",
      "training_mode": "kd",
      "pre_train_accuracy": 0.664,
      "accuracy_gain": 0.02499999999999991,
      "kd_config": {
        "kd_alpha": 0.5,
        "temperature": 4.0,
        "routing_kd_weight": 0.0,
        "expert_spec_weight": 0.0,
        "enable_routing_kd": false,
        "enable_ka": false,
        "enable_sar": false,
        "enable_non_activated": false,
        "router_aux_loss_coef": 0.001,
        "name": "Standard KD"
      },
      "timestamp": 1766000962.9666348
    }
  },
  "efficient_4x1_standard": {
    "accuracy": 0.698,
    "top2_accuracy": 0.861,
    "ece": 0.03972751954197882,
    "flops": 3023656976384.0,
    "tokens_per_second": 7757.627607411838,
    "ms_per_token": 0.12890538842629853,
    "samples_per_second": 26.680518666294667,
    "total_time": 1.8740265369415283,
    "total_params": 24167321728,
    "active_params": 24167321728,
    "trainable_params": 13631488,
    "sparsity_ratio": 1.0,
    "model_size_mb": 46121.50830078125,
    "gpu_memory_allocated_gb": 47.36668252944946,
    "gpu_memory_reserved_gb": 48.822265625,
    "phase": "standard_training",
    "training_mode": "standard",
    "pre_train_accuracy": 0.664,
    "accuracy_gain": 0.03399999999999992,
    "timestamp": 1766000434.1578043
  },
  "efficient_4x1_kd": {
    "accuracy": 0.689,
    "top2_accuracy": 0.864,
    "ece": 0.038293178498744994,
    "flops": 3023656976384.0,
    "tokens_per_second": 7887.540309935332,
    "ms_per_token": 0.1267822363760698,
    "samples_per_second": 27.12732256821891,
    "total_time": 1.8431601524353027,
    "total_params": 24167321728,
    "active_params": 24167321728,
    "trainable_params": 13631488,
    "sparsity_ratio": 1.0,
    "model_size_mb": 46121.50830078125,
    "gpu_memory_allocated_gb": 48.314878940582275,
    "gpu_memory_reserved_gb": 49.83984375,
    "phase": "kd_training",
    "training_mode": "kd",
    "pre_train_accuracy": 0.664,
    "accuracy_gain": 0.02499999999999991,
    "kd_config": {
      "kd_alpha": 0.5,
      "temperature": 4.0,
      "routing_kd_weight": 0.0,
      "expert_spec_weight": 0.0,
      "enable_routing_kd": false,
      "enable_ka": false,
      "enable_sar": false,
      "enable_non_activated": false,
      "router_aux_loss_coef": 0.001,
      "name": "Standard KD"
    },
    "timestamp": 1766000962.9666348
  },
  "timestamp": 1766000962.9683232
}