{
  "accuracy": 0.692,
  "top2_accuracy": 0.864,
  "ece": 0.04784760239720346,
  "flops": 3023656976384.0,
  "tokens_per_second": 5376.983268307329,
  "ms_per_token": 0.18597788947831323,
  "samples_per_second": 18.49285757431328,
  "total_time": 2.7037465572357178,
  "total_params": 46716424448,
  "active_params": 46716424448,
  "trainable_params": 13631488,
  "sparsity_ratio": 1.0,
  "model_size_mb": 89130.50854492188,
  "gpu_memory_allocated_gb": 96.82537698745728,
  "gpu_memory_reserved_gb": 98.353515625,
  "phase": "kd_training",
  "training_mode": "kd",
  "pre_train_accuracy": 0.67,
  "accuracy_gain": 0.02199999999999991,
  "kd_config": {
    "kd_alpha": 0.5,
    "temperature": 4.0,
    "routing_kd_weight": 0.0,
    "expert_spec_weight": 0.0,
    "enable_routing_kd": false,
    "enable_ka": false,
    "enable_sar": false,
    "enable_non_activated": false,
    "router_aux_loss_coef": 0.001,
    "name": "Standard KD"
  },
  "timestamp": 1765983433.3264425
}