{
  "accuracy": 0.695,
  "top2_accuracy": 0.861,
  "ece": 0.03981510096788404,
  "flops": 3023656976384.0,
  "tokens_per_second": 5535.035089321359,
  "ms_per_token": 0.18066732800470975,
  "samples_per_second": 19.036439294680694,
  "total_time": 2.6265416145324707,
  "total_params": 46716424448,
  "active_params": 46716424448,
  "trainable_params": 13631488,
  "sparsity_ratio": 1.0,
  "model_size_mb": 89130.50854492188,
  "gpu_memory_allocated_gb": 94.58782577514648,
  "gpu_memory_reserved_gb": 95.876953125,
  "phase": "trained",
  "training_mode": "standard",
  "pre_train_accuracy": 0.67,
  "accuracy_gain": 0.02499999999999991,
  "pre_train_results": {
    "accuracy": 0.67,
    "top2_accuracy": 0.833,
    "ece": 0.08756640625,
    "flops": 3023656976384.0,
    "tokens_per_second": 6727.536706281564,
    "ms_per_token": 0.14864281588627984,
    "samples_per_second": 23.137765532678372,
    "total_time": 2.1609692573547363,
    "total_params": 46702792960,
    "active_params": 46702792960,
    "trainable_params": 46702792960,
    "sparsity_ratio": 1.0,
    "model_size_mb": 89078.50854492188,
    "gpu_memory_allocated_gb": 93.56209754943848,
    "gpu_memory_reserved_gb": 93.859375
  },
  "config": {
    "num_experts": 8,
    "num_experts_per_tok": 2,
    "router_jitter_noise": 0.0,
    "router_aux_loss_coef": 0.001,
    "expert_layers": "all",
    "layer_indices": null,
    "load_balancing_loss_coef": 0.01,
    "experiment_name": "moe_baseline",
    "description": "Baseline MoE: 8 experts, top-2 routing, all layers, standard config (matches baseline setup)"
  },
  "timestamp": 1765934374.1587713
}