{
  "experiment_name": "moe_baseline",
  "config": {
    "num_experts": 8,
    "num_experts_per_tok": 2,
    "router_jitter_noise": 0.0,
    "router_aux_loss_coef": 0.001,
    "expert_layers": "all",
    "layer_indices": null,
    "load_balancing_loss_coef": 0.01,
    "experiment_name": "moe_baseline",
    "description": "Baseline MoE: 8 experts, top-2 routing, all layers, standard config (matches baseline setup)"
  },
  "phases": {
    "pre_training": {
      "accuracy": 0.67,
      "top2_accuracy": 0.833,
      "ece": 0.08756640625,
      "flops": 3023656976384.0,
      "tokens_per_second": 6493.4345081694,
      "ms_per_token": 0.15400170722318035,
      "samples_per_second": 22.332626592961205,
      "total_time": 2.2388768196105957,
      "total_params": 46702792960,
      "active_params": 46702792960,
      "trainable_params": 46702792960,
      "sparsity_ratio": 1.0,
      "model_size_mb": 89078.50854492188,
      "gpu_memory_allocated_gb": 94.85052156448364,
      "gpu_memory_reserved_gb": 95.26171875,
      "phase": "pre_training",
      "timestamp": 1765981792.8702245
    },
    "standard_training": {
      "accuracy": 0.694,
      "top2_accuracy": 0.866,
      "ece": 0.04495048493146898,
      "flops": 3023656976384.0,
      "tokens_per_second": 5463.218149231651,
      "ms_per_token": 0.1830422971743569,
      "samples_per_second": 18.78944197699701,
      "total_time": 2.661068916320801,
      "total_params": 46716424448,
      "active_params": 46716424448,
      "trainable_params": 13631488,
      "sparsity_ratio": 1.0,
      "model_size_mb": 89130.50854492188,
      "gpu_memory_allocated_gb": 95.87624979019165,
      "gpu_memory_reserved_gb": 97.25390625,
      "phase": "standard_training",
      "training_mode": "standard",
      "pre_train_accuracy": 0.67,
      "accuracy_gain": 0.02399999999999991,
      "timestamp": 1765982599.546149
    },
    "kd_training": {
      "accuracy": 0.692,
      "top2_accuracy": 0.864,
      "ece": 0.04784760239720346,
      "flops": 3023656976384.0,
      "tokens_per_second": 5376.983268307329,
      "ms_per_token": 0.18597788947831323,
      "samples_per_second": 18.49285757431328,
      "total_time": 2.7037465572357178,
      "total_params": 46716424448,
      "active_params": 46716424448,
      "trainable_params": 13631488,
      "sparsity_ratio": 1.0,
      "model_size_mb": 89130.50854492188,
      "gpu_memory_allocated_gb": 96.82537698745728,
      "gpu_memory_reserved_gb": 98.353515625,
      "phase": "kd_training",
      "training_mode": "kd",
      "pre_train_accuracy": 0.67,
      "accuracy_gain": 0.02199999999999991,
      "kd_config": {
        "kd_alpha": 0.5,
        "temperature": 4.0,
        "routing_kd_weight": 0.0,
        "expert_spec_weight": 0.0,
        "enable_routing_kd": false,
        "enable_ka": false,
        "enable_sar": false,
        "enable_non_activated": false,
        "router_aux_loss_coef": 0.001,
        "name": "Standard KD"
      },
      "timestamp": 1765983433.3264425
    }
  },
  "moe_baseline_standard": {
    "accuracy": 0.694,
    "top2_accuracy": 0.866,
    "ece": 0.04495048493146898,
    "flops": 3023656976384.0,
    "tokens_per_second": 5463.218149231651,
    "ms_per_token": 0.1830422971743569,
    "samples_per_second": 18.78944197699701,
    "total_time": 2.661068916320801,
    "total_params": 46716424448,
    "active_params": 46716424448,
    "trainable_params": 13631488,
    "sparsity_ratio": 1.0,
    "model_size_mb": 89130.50854492188,
    "gpu_memory_allocated_gb": 95.87624979019165,
    "gpu_memory_reserved_gb": 97.25390625,
    "phase": "standard_training",
    "training_mode": "standard",
    "pre_train_accuracy": 0.67,
    "accuracy_gain": 0.02399999999999991,
    "timestamp": 1765982599.546149
  },
  "moe_baseline_kd": {
    "accuracy": 0.692,
    "top2_accuracy": 0.864,
    "ece": 0.04784760239720346,
    "flops": 3023656976384.0,
    "tokens_per_second": 5376.983268307329,
    "ms_per_token": 0.18597788947831323,
    "samples_per_second": 18.49285757431328,
    "total_time": 2.7037465572357178,
    "total_params": 46716424448,
    "active_params": 46716424448,
    "trainable_params": 13631488,
    "sparsity_ratio": 1.0,
    "model_size_mb": 89130.50854492188,
    "gpu_memory_allocated_gb": 96.82537698745728,
    "gpu_memory_reserved_gb": 98.353515625,
    "phase": "kd_training",
    "training_mode": "kd",
    "pre_train_accuracy": 0.67,
    "accuracy_gain": 0.02199999999999991,
    "kd_config": {
      "kd_alpha": 0.5,
      "temperature": 4.0,
      "routing_kd_weight": 0.0,
      "expert_spec_weight": 0.0,
      "enable_routing_kd": false,
      "enable_ka": false,
      "enable_sar": false,
      "enable_non_activated": false,
      "router_aux_loss_coef": 0.001,
      "name": "Standard KD"
    },
    "timestamp": 1765983433.3264425
  },
  "timestamp": 1765983433.3275647
}