{
  "accuracy": 0.692,
  "top2_accuracy": 0.866,
  "ece": 0.03945569655299186,
  "flops": 3023656976384.0,
  "tokens_per_second": 8107.138932401943,
  "ms_per_token": 0.12334807733506116,
  "samples_per_second": 27.882579902331624,
  "total_time": 1.7932343482971191,
  "total_params": 26985894016,
  "active_params": 26985894016,
  "trainable_params": 13631488,
  "sparsity_ratio": 1.0,
  "model_size_mb": 51497.50830078125,
  "gpu_memory_allocated_gb": 57.36227798461914,
  "gpu_memory_reserved_gb": 58.876953125,
  "phase": "trained",
  "training_mode": "standard",
  "pre_train_accuracy": 0.665,
  "accuracy_gain": 0.026999999999999913,
  "pre_train_results": {
    "accuracy": 0.665,
    "top2_accuracy": 0.829,
    "ece": 0.082638671875,
    "flops": 3023656976384.0,
    "tokens_per_second": 10061.965954178848,
    "ms_per_token": 0.09938415659065998,
    "samples_per_second": 34.60574341098792,
    "total_time": 1.4448468685150146,
    "total_params": 26972262528,
    "active_params": 26972262528,
    "trainable_params": 26972262528,
    "sparsity_ratio": 1.0,
    "model_size_mb": 51445.50830078125,
    "gpu_memory_allocated_gb": 56.811113357543945,
    "gpu_memory_reserved_gb": 57.1015625
  },
  "config": {
    "num_experts": 8,
    "num_experts_per_tok": 2,
    "router_jitter_noise": 0.0,
    "router_aux_loss_coef": 0.001,
    "expert_layers": "selected",
    "layer_indices": [
      16,
      17,
      18,
      19,
      20,
      21,
      22,
      23,
      24,
      25,
      26,
      27,
      28,
      29,
      30,
      31
    ],
    "load_balancing_loss_coef": 0.01,
    "experiment_name": "placement_late_8x2",
    "description": "Late placement: Experts in last 16 layers only"
  },
  "timestamp": 1765932760.9898384
}