{
  "accuracy": 0.689,
  "top2_accuracy": 0.854,
  "ece": 0.04696848022937776,
  "flops": 3023656976384.0,
  "tokens_per_second": 8242.944098732361,
  "ms_per_token": 0.12131587792203817,
  "samples_per_second": 28.349649534779065,
  "total_time": 1.7636902332305908,
  "total_params": 26985894016,
  "active_params": 26985894016,
  "trainable_params": 13631488,
  "sparsity_ratio": 1.0,
  "model_size_mb": 51497.50830078125,
  "gpu_memory_allocated_gb": 51.329944133758545,
  "gpu_memory_reserved_gb": 52.69921875,
  "phase": "kd_training",
  "training_mode": "kd",
  "pre_train_accuracy": 0.666,
  "accuracy_gain": 0.02299999999999991,
  "kd_config": {
    "kd_alpha": 0.5,
    "temperature": 4.0,
    "routing_kd_weight": 0.0,
    "expert_spec_weight": 0.0,
    "enable_routing_kd": false,
    "enable_ka": false,
    "enable_sar": false,
    "enable_non_activated": false,
    "router_aux_loss_coef": 0.001,
    "name": "Standard KD"
  },
  "timestamp": 1766006098.6600742
}