{
  "experiment_name": "placement_early_8x2",
  "config": {
    "num_experts": 8,
    "num_experts_per_tok": 2,
    "router_jitter_noise": 0.0,
    "router_aux_loss_coef": 0.001,
    "expert_layers": "selected",
    "layer_indices": [
      0,
      1,
      2,
      3,
      4,
      5,
      6,
      7,
      8,
      9,
      10,
      11,
      12,
      13,
      14,
      15
    ],
    "load_balancing_loss_coef": 0.01,
    "experiment_name": "placement_early_8x2",
    "description": "Early placement: Experts in first 16 layers only"
  },
  "phases": {
    "pre_training": {
      "accuracy": 0.666,
      "top2_accuracy": 0.831,
      "ece": 0.08330078125000001,
      "flops": 3023656976384.0,
      "tokens_per_second": 11381.62238874336,
      "ms_per_token": 0.08786093632740961,
      "samples_per_second": 39.14438846039125,
      "total_time": 1.2773222923278809,
      "total_params": 26972262528,
      "active_params": 26972262528,
      "trainable_params": 26972262528,
      "sparsity_ratio": 1.0,
      "model_size_mb": 51445.50830078125,
      "gpu_memory_allocated_gb": 50.30421590805054,
      "gpu_memory_reserved_gb": 50.583984375,
      "phase": "pre_training",
      "timestamp": 1766005006.6612067
    },
    "standard_training": {
      "accuracy": 0.697,
      "top2_accuracy": 0.864,
      "ece": 0.03868021216988561,
      "flops": 3023656976384.0,
      "tokens_per_second": 8839.588763824726,
      "ms_per_token": 0.11312743462596542,
      "samples_per_second": 30.40166723010292,
      "total_time": 1.6446466445922852,
      "total_params": 26985894016,
      "active_params": 26985894016,
      "trainable_params": 13631488,
      "sparsity_ratio": 1.0,
      "model_size_mb": 51497.50830078125,
      "gpu_memory_allocated_gb": 50.85538053512573,
      "gpu_memory_reserved_gb": 52.169921875,
      "phase": "standard_training",
      "training_mode": "standard",
      "pre_train_accuracy": 0.666,
      "accuracy_gain": 0.030999999999999917,
      "timestamp": 1766005551.611196
    },
    "kd_training": {
      "accuracy": 0.689,
      "top2_accuracy": 0.854,
      "ece": 0.04696848022937776,
      "flops": 3023656976384.0,
      "tokens_per_second": 8242.944098732361,
      "ms_per_token": 0.12131587792203817,
      "samples_per_second": 28.349649534779065,
      "total_time": 1.7636902332305908,
      "total_params": 26985894016,
      "active_params": 26985894016,
      "trainable_params": 13631488,
      "sparsity_ratio": 1.0,
      "model_size_mb": 51497.50830078125,
      "gpu_memory_allocated_gb": 51.329944133758545,
      "gpu_memory_reserved_gb": 52.69921875,
      "phase": "kd_training",
      "training_mode": "kd",
      "pre_train_accuracy": 0.666,
      "accuracy_gain": 0.02299999999999991,
      "kd_config": {
        "kd_alpha": 0.5,
        "temperature": 4.0,
        "routing_kd_weight": 0.0,
        "expert_spec_weight": 0.0,
        "enable_routing_kd": false,
        "enable_ka": false,
        "enable_sar": false,
        "enable_non_activated": false,
        "router_aux_loss_coef": 0.001,
        "name": "Standard KD"
      },
      "timestamp": 1766006098.6600742
    }
  },
  "placement_early_8x2_standard": {
    "accuracy": 0.697,
    "top2_accuracy": 0.864,
    "ece": 0.03868021216988561,
    "flops": 3023656976384.0,
    "tokens_per_second": 8839.588763824726,
    "ms_per_token": 0.11312743462596542,
    "samples_per_second": 30.40166723010292,
    "total_time": 1.6446466445922852,
    "total_params": 26985894016,
    "active_params": 26985894016,
    "trainable_params": 13631488,
    "sparsity_ratio": 1.0,
    "model_size_mb": 51497.50830078125,
    "gpu_memory_allocated_gb": 50.85538053512573,
    "gpu_memory_reserved_gb": 52.169921875,
    "phase": "standard_training",
    "training_mode": "standard",
    "pre_train_accuracy": 0.666,
    "accuracy_gain": 0.030999999999999917,
    "timestamp": 1766005551.611196
  },
  "placement_early_8x2_kd": {
    "accuracy": 0.689,
    "top2_accuracy": 0.854,
    "ece": 0.04696848022937776,
    "flops": 3023656976384.0,
    "tokens_per_second": 8242.944098732361,
    "ms_per_token": 0.12131587792203817,
    "samples_per_second": 28.349649534779065,
    "total_time": 1.7636902332305908,
    "total_params": 26985894016,
    "active_params": 26985894016,
    "trainable_params": 13631488,
    "sparsity_ratio": 1.0,
    "model_size_mb": 51497.50830078125,
    "gpu_memory_allocated_gb": 51.329944133758545,
    "gpu_memory_reserved_gb": 52.69921875,
    "phase": "kd_training",
    "training_mode": "kd",
    "pre_train_accuracy": 0.666,
    "accuracy_gain": 0.02299999999999991,
    "kd_config": {
      "kd_alpha": 0.5,
      "temperature": 4.0,
      "routing_kd_weight": 0.0,
      "expert_spec_weight": 0.0,
      "enable_routing_kd": false,
      "enable_ka": false,
      "enable_sar": false,
      "enable_non_activated": false,
      "router_aux_loss_coef": 0.001,
      "name": "Standard KD"
    },
    "timestamp": 1766006098.6600742
  },
  "timestamp": 1766006098.661907
}