{
  "accuracy": 0.69,
  "top2_accuracy": 0.863,
  "ece": 0.050152029812336005,
  "flops": 3023656976384.0,
  "tokens_per_second": 8684.10408484836,
  "ms_per_token": 0.11515292656898891,
  "samples_per_second": 29.866914585391253,
  "total_time": 1.674093246459961,
  "total_params": 26985894016,
  "active_params": 26985894016,
  "trainable_params": 13631488,
  "sparsity_ratio": 1.0,
  "model_size_mb": 51497.50830078125,
  "gpu_memory_allocated_gb": 57.33645820617676,
  "gpu_memory_reserved_gb": 58.662109375,
  "phase": "trained",
  "training_mode": "standard",
  "pre_train_accuracy": 0.666,
  "accuracy_gain": 0.02399999999999991,
  "pre_train_results": {
    "accuracy": 0.666,
    "top2_accuracy": 0.831,
    "ece": 0.08330078125000001,
    "flops": 3023656976384.0,
    "tokens_per_second": 10954.998342111447,
    "ms_per_token": 0.09128253321189109,
    "samples_per_second": 37.6771163231237,
    "total_time": 1.3270654678344727,
    "total_params": 26972262528,
    "active_params": 26972262528,
    "trainable_params": 26972262528,
    "sparsity_ratio": 1.0,
    "model_size_mb": 51445.50830078125,
    "gpu_memory_allocated_gb": 56.811113357543945,
    "gpu_memory_reserved_gb": 57.1015625
  },
  "config": {
    "num_experts": 8,
    "num_experts_per_tok": 2,
    "router_jitter_noise": 0.0,
    "router_aux_loss_coef": 0.001,
    "expert_layers": "selected",
    "layer_indices": [
      0,
      1,
      2,
      3,
      4,
      5,
      6,
      7,
      8,
      9,
      10,
      11,
      12,
      13,
      14,
      15
    ],
    "load_balancing_loss_coef": 0.01,
    "experiment_name": "placement_early_8x2",
    "description": "Early placement: Experts in first 16 layers only"
  },
  "timestamp": 1765931628.091534
}