{
  "accuracy": 0.69,
  "top2_accuracy": 0.862,
  "ece": 0.03615197977423669,
  "flops": 3023656976384.0,
  "tokens_per_second": 9072.369350858498,
  "ms_per_token": 0.11022478928344911,
  "samples_per_second": 31.202260802237234,
  "total_time": 1.6024479866027832,
  "total_params": 22053261408,
  "active_params": 22053261408,
  "trainable_params": 13631488,
  "sparsity_ratio": 1.0,
  "model_size_mb": 42089.258239746094,
  "gpu_memory_allocated_gb": 48.055891036987305,
  "gpu_memory_reserved_gb": 49.59765625,
  "phase": "trained",
  "training_mode": "standard",
  "pre_train_accuracy": 0.667,
  "accuracy_gain": 0.02299999999999991,
  "pre_train_results": {
    "accuracy": 0.667,
    "top2_accuracy": 0.832,
    "ece": 0.08454492187500001,
    "flops": 3023656976384.0,
    "tokens_per_second": 11078.644263056973,
    "ms_per_token": 0.09026375215734801,
    "samples_per_second": 38.10236711740601,
    "total_time": 1.3122544288635254,
    "total_params": 22039629920,
    "active_params": 22039629920,
    "trainable_params": 22039629920,
    "sparsity_ratio": 1.0,
    "model_size_mb": 42037.258239746094,
    "gpu_memory_allocated_gb": 47.62336730957031,
    "gpu_memory_reserved_gb": 47.919921875
  },
  "config": {
    "num_experts": 8,
    "num_experts_per_tok": 2,
    "router_jitter_noise": 0.0,
    "router_aux_loss_coef": 0.001,
    "expert_layers": "selected",
    "layer_indices": [
      0,
      1,
      2,
      3,
      14,
      15,
      16,
      17,
      28,
      29,
      30,
      31
    ],
    "load_balancing_loss_coef": 0.01,
    "experiment_name": "placement_mixed_8x2",
    "description": "Mixed placement: Experts in first 4, middle 4, and last 4 layers"
  },
  "timestamp": 1765935699.2382956
}