{
  "accuracy": 0.686,
  "top2_accuracy": 0.854,
  "ece": 0.036277508467435826,
  "flops": 3023656976384.0,
  "tokens_per_second": 8446.761553715185,
  "ms_per_token": 0.11838856745756776,
  "samples_per_second": 29.05063128943178,
  "total_time": 1.7211329936981201,
  "total_params": 26985894016,
  "active_params": 26985894016,
  "trainable_params": 13631488,
  "sparsity_ratio": 1.0,
  "model_size_mb": 51497.50830078125,
  "gpu_memory_allocated_gb": 57.33645820617676,
  "gpu_memory_reserved_gb": 58.759765625,
  "phase": "trained",
  "training_mode": "standard",
  "pre_train_accuracy": 0.668,
  "accuracy_gain": 0.018000000000000016,
  "pre_train_results": {
    "accuracy": 0.668,
    "top2_accuracy": 0.83,
    "ece": 0.08579492187500001,
    "flops": 3023656976384.0,
    "tokens_per_second": 10251.418689430564,
    "ms_per_token": 0.09754747418823326,
    "samples_per_second": 35.25732112199258,
    "total_time": 1.4181451797485352,
    "total_params": 26972262528,
    "active_params": 26972262528,
    "trainable_params": 26972262528,
    "sparsity_ratio": 1.0,
    "model_size_mb": 51445.50830078125,
    "gpu_memory_allocated_gb": 56.811113357543945,
    "gpu_memory_reserved_gb": 57.1015625
  },
  "config": {
    "num_experts": 8,
    "num_experts_per_tok": 2,
    "router_jitter_noise": 0.0,
    "router_aux_loss_coef": 0.001,
    "expert_layers": "selected",
    "layer_indices": [
      8,
      9,
      10,
      11,
      12,
      13,
      14,
      15,
      16,
      17,
      18,
      19,
      20,
      21,
      22,
      23
    ],
    "load_balancing_loss_coef": 0.01,
    "experiment_name": "placement_middle_8x2",
    "description": "Middle placement: Experts in middle 16 layers (8-23)"
  },
  "timestamp": 1765932196.7491136
}