{
  "accuracy": 0.694,
  "top2_accuracy": 0.867,
  "ece": 0.04546792492270474,
  "flops": 3023656976384.0,
  "tokens_per_second": 8461.337790408934,
  "ms_per_token": 0.11818462101034621,
  "samples_per_second": 29.100762795463385,
  "total_time": 1.718168020248413,
  "total_params": 26985894016,
  "active_params": 26985894016,
  "trainable_params": 13631488,
  "sparsity_ratio": 1.0,
  "model_size_mb": 51497.50830078125,
  "gpu_memory_allocated_gb": 51.329944133758545,
  "gpu_memory_reserved_gb": 52.77734375,
  "phase": "kd_training",
  "training_mode": "kd",
  "pre_train_accuracy": 0.668,
  "accuracy_gain": 0.025999999999999912,
  "kd_config": {
    "kd_alpha": 0.5,
    "temperature": 4.0,
    "routing_kd_weight": 0.0,
    "expert_spec_weight": 0.0,
    "enable_routing_kd": false,
    "enable_ka": false,
    "enable_sar": false,
    "enable_non_activated": false,
    "router_aux_loss_coef": 0.001,
    "name": "Standard KD"
  },
  "timestamp": 1766007353.5232937
}