{
  "accuracy": 0.689,
  "top2_accuracy": 0.867,
  "ece": 0.04309778806567195,
  "flops": 3023656976384.0,
  "tokens_per_second": 9184.195056178964,
  "ms_per_token": 0.10888270489499434,
  "samples_per_second": 31.586858770735187,
  "total_time": 1.5829367637634277,
  "total_params": 22053261408,
  "active_params": 22053261408,
  "trainable_params": 13631488,
  "sparsity_ratio": 1.0,
  "model_size_mb": 42089.258239746094,
  "gpu_memory_allocated_gb": 43.192577838897705,
  "gpu_memory_reserved_gb": 44.8359375,
  "phase": "kd_training",
  "training_mode": "kd",
  "pre_train_accuracy": 0.667,
  "accuracy_gain": 0.02199999999999991,
  "kd_config": {
    "kd_alpha": 0.5,
    "temperature": 4.0,
    "routing_kd_weight": 0.0,
    "expert_spec_weight": 0.0,
    "enable_routing_kd": false,
    "enable_ka": false,
    "enable_sar": false,
    "enable_non_activated": false,
    "router_aux_loss_coef": 0.001,
    "name": "Standard KD"
  },
  "timestamp": 1766021475.3739498
}