{
  "experiment_name": "placement_middle_8x2",
  "config": {
    "num_experts": 8,
    "num_experts_per_tok": 2,
    "router_jitter_noise": 0.0,
    "router_aux_loss_coef": 0.001,
    "expert_layers": "selected",
    "layer_indices": [
      8,
      9,
      10,
      11,
      12,
      13,
      14,
      15,
      16,
      17,
      18,
      19,
      20,
      21,
      22,
      23
    ],
    "load_balancing_loss_coef": 0.01,
    "experiment_name": "placement_middle_8x2",
    "description": "Middle placement: Experts in middle 16 layers (8-23)"
  },
  "phases": {
    "pre_training": {
      "accuracy": 0.668,
      "top2_accuracy": 0.83,
      "ece": 0.08579492187500001,
      "flops": 3023656976384.0,
      "tokens_per_second": 10680.384253433736,
      "ms_per_token": 0.09362959012251836,
      "samples_per_second": 36.732646352434095,
      "total_time": 1.3611869812011719,
      "total_params": 26972262528,
      "active_params": 26972262528,
      "trainable_params": 26972262528,
      "sparsity_ratio": 1.0,
      "model_size_mb": 51445.50830078125,
      "gpu_memory_allocated_gb": 50.30421590805054,
      "gpu_memory_reserved_gb": 50.583984375,
      "phase": "pre_training",
      "timestamp": 1766006261.6703386
    },
    "standard_training": {
      "accuracy": 0.697,
      "top2_accuracy": 0.863,
      "ece": 0.04001093545556065,
      "flops": 3023656976384.0,
      "tokens_per_second": 8468.516591694084,
      "ms_per_token": 0.1180844353520898,
      "samples_per_second": 29.125452578394842,
      "total_time": 1.7167115211486816,
      "total_params": 26985894016,
      "active_params": 26985894016,
      "trainable_params": 13631488,
      "sparsity_ratio": 1.0,
      "model_size_mb": 51497.50830078125,
      "gpu_memory_allocated_gb": 50.85538053512573,
      "gpu_memory_reserved_gb": 52.23046875,
      "phase": "standard_training",
      "training_mode": "standard",
      "pre_train_accuracy": 0.668,
      "accuracy_gain": 0.028999999999999915,
      "timestamp": 1766006806.471658
    },
    "kd_training": {
      "accuracy": 0.694,
      "top2_accuracy": 0.867,
      "ece": 0.04546792492270474,
      "flops": 3023656976384.0,
      "tokens_per_second": 8461.337790408934,
      "ms_per_token": 0.11818462101034621,
      "samples_per_second": 29.100762795463385,
      "total_time": 1.718168020248413,
      "total_params": 26985894016,
      "active_params": 26985894016,
      "trainable_params": 13631488,
      "sparsity_ratio": 1.0,
      "model_size_mb": 51497.50830078125,
      "gpu_memory_allocated_gb": 51.329944133758545,
      "gpu_memory_reserved_gb": 52.77734375,
      "phase": "kd_training",
      "training_mode": "kd",
      "pre_train_accuracy": 0.668,
      "accuracy_gain": 0.025999999999999912,
      "kd_config": {
        "kd_alpha": 0.5,
        "temperature": 4.0,
        "routing_kd_weight": 0.0,
        "expert_spec_weight": 0.0,
        "enable_routing_kd": false,
        "enable_ka": false,
        "enable_sar": false,
        "enable_non_activated": false,
        "router_aux_loss_coef": 0.001,
        "name": "Standard KD"
      },
      "timestamp": 1766007353.5232937
    }
  },
  "placement_middle_8x2_standard": {
    "accuracy": 0.697,
    "top2_accuracy": 0.863,
    "ece": 0.04001093545556065,
    "flops": 3023656976384.0,
    "tokens_per_second": 8468.516591694084,
    "ms_per_token": 0.1180844353520898,
    "samples_per_second": 29.125452578394842,
    "total_time": 1.7167115211486816,
    "total_params": 26985894016,
    "active_params": 26985894016,
    "trainable_params": 13631488,
    "sparsity_ratio": 1.0,
    "model_size_mb": 51497.50830078125,
    "gpu_memory_allocated_gb": 50.85538053512573,
    "gpu_memory_reserved_gb": 52.23046875,
    "phase": "standard_training",
    "training_mode": "standard",
    "pre_train_accuracy": 0.668,
    "accuracy_gain": 0.028999999999999915,
    "timestamp": 1766006806.471658
  },
  "placement_middle_8x2_kd": {
    "accuracy": 0.694,
    "top2_accuracy": 0.867,
    "ece": 0.04546792492270474,
    "flops": 3023656976384.0,
    "tokens_per_second": 8461.337790408934,
    "ms_per_token": 0.11818462101034621,
    "samples_per_second": 29.100762795463385,
    "total_time": 1.718168020248413,
    "total_params": 26985894016,
    "active_params": 26985894016,
    "trainable_params": 13631488,
    "sparsity_ratio": 1.0,
    "model_size_mb": 51497.50830078125,
    "gpu_memory_allocated_gb": 51.329944133758545,
    "gpu_memory_reserved_gb": 52.77734375,
    "phase": "kd_training",
    "training_mode": "kd",
    "pre_train_accuracy": 0.668,
    "accuracy_gain": 0.025999999999999912,
    "kd_config": {
      "kd_alpha": 0.5,
      "temperature": 4.0,
      "routing_kd_weight": 0.0,
      "expert_spec_weight": 0.0,
      "enable_routing_kd": false,
      "enable_ka": false,
      "enable_sar": false,
      "enable_non_activated": false,
      "router_aux_loss_coef": 0.001,
      "name": "Standard KD"
    },
    "timestamp": 1766007353.5232937
  },
  "timestamp": 1766007353.5252974
}