{
  "accuracy": 0.693,
  "top2_accuracy": 0.867,
  "ece": 0.048764031499624286,
  "flops": 3023656976384.0,
  "tokens_per_second": 8023.0804713367015,
  "ms_per_token": 0.12464040508787183,
  "samples_per_second": 27.593480779119208,
  "total_time": 1.8120222091674805,
  "total_params": 26985894016,
  "active_params": 26985894016,
  "trainable_params": 13631488,
  "sparsity_ratio": 1.0,
  "model_size_mb": 51497.50830078125,
  "gpu_memory_allocated_gb": 51.30412435531616,
  "gpu_memory_reserved_gb": 52.875,
  "phase": "kd_training",
  "training_mode": "kd",
  "pre_train_accuracy": 0.665,
  "accuracy_gain": 0.027999999999999914,
  "kd_config": {
    "kd_alpha": 0.5,
    "temperature": 4.0,
    "routing_kd_weight": 0.0,
    "expert_spec_weight": 0.0,
    "enable_routing_kd": false,
    "enable_ka": false,
    "enable_sar": false,
    "enable_non_activated": false,
    "router_aux_loss_coef": 0.001,
    "name": "Standard KD"
  },
  "timestamp": 1766008604.4188554
}