{
  "experiment_name": "placement_late_8x2",
  "config": {
    "num_experts": 8,
    "num_experts_per_tok": 2,
    "router_jitter_noise": 0.0,
    "router_aux_loss_coef": 0.001,
    "expert_layers": "selected",
    "layer_indices": [
      16,
      17,
      18,
      19,
      20,
      21,
      22,
      23,
      24,
      25,
      26,
      27,
      28,
      29,
      30,
      31
    ],
    "load_balancing_loss_coef": 0.01,
    "experiment_name": "placement_late_8x2",
    "description": "Late placement: Experts in last 16 layers only"
  },
  "phases": {
    "pre_training": {
      "accuracy": 0.665,
      "top2_accuracy": 0.829,
      "ece": 0.082638671875,
      "flops": 3023656976384.0,
      "tokens_per_second": 10107.560772378949,
      "ms_per_token": 0.09893583847971628,
      "samples_per_second": 34.76255596498469,
      "total_time": 1.4383292198181152,
      "total_params": 26972262528,
      "active_params": 26972262528,
      "trainable_params": 26972262528,
      "sparsity_ratio": 1.0,
      "model_size_mb": 51445.50830078125,
      "gpu_memory_allocated_gb": 50.30421590805054,
      "gpu_memory_reserved_gb": 50.583984375,
      "phase": "pre_training",
      "timestamp": 1766007517.4547322
    },
    "standard_training": {
      "accuracy": 0.693,
      "top2_accuracy": 0.86,
      "ece": 0.04644289553165435,
      "flops": 3023656976384.0,
      "tokens_per_second": 8334.03036245099,
      "ms_per_token": 0.11998996362018363,
      "samples_per_second": 28.662919116972727,
      "total_time": 1.7444140911102295,
      "total_params": 26985894016,
      "active_params": 26985894016,
      "trainable_params": 13631488,
      "sparsity_ratio": 1.0,
      "model_size_mb": 51497.50830078125,
      "gpu_memory_allocated_gb": 50.82956075668335,
      "gpu_memory_reserved_gb": 52.376953125,
      "phase": "standard_training",
      "training_mode": "standard",
      "pre_train_accuracy": 0.665,
      "accuracy_gain": 0.027999999999999914,
      "timestamp": 1766008065.9825366
    },
    "kd_training": {
      "accuracy": 0.693,
      "top2_accuracy": 0.867,
      "ece": 0.048764031499624286,
      "flops": 3023656976384.0,
      "tokens_per_second": 8023.0804713367015,
      "ms_per_token": 0.12464040508787183,
      "samples_per_second": 27.593480779119208,
      "total_time": 1.8120222091674805,
      "total_params": 26985894016,
      "active_params": 26985894016,
      "trainable_params": 13631488,
      "sparsity_ratio": 1.0,
      "model_size_mb": 51497.50830078125,
      "gpu_memory_allocated_gb": 51.30412435531616,
      "gpu_memory_reserved_gb": 52.875,
      "phase": "kd_training",
      "training_mode": "kd",
      "pre_train_accuracy": 0.665,
      "accuracy_gain": 0.027999999999999914,
      "kd_config": {
        "kd_alpha": 0.5,
        "temperature": 4.0,
        "routing_kd_weight": 0.0,
        "expert_spec_weight": 0.0,
        "enable_routing_kd": false,
        "enable_ka": false,
        "enable_sar": false,
        "enable_non_activated": false,
        "router_aux_loss_coef": 0.001,
        "name": "Standard KD"
      },
      "timestamp": 1766008604.4188554
    }
  },
  "placement_late_8x2_standard": {
    "accuracy": 0.693,
    "top2_accuracy": 0.86,
    "ece": 0.04644289553165435,
    "flops": 3023656976384.0,
    "tokens_per_second": 8334.03036245099,
    "ms_per_token": 0.11998996362018363,
    "samples_per_second": 28.662919116972727,
    "total_time": 1.7444140911102295,
    "total_params": 26985894016,
    "active_params": 26985894016,
    "trainable_params": 13631488,
    "sparsity_ratio": 1.0,
    "model_size_mb": 51497.50830078125,
    "gpu_memory_allocated_gb": 50.82956075668335,
    "gpu_memory_reserved_gb": 52.376953125,
    "phase": "standard_training",
    "training_mode": "standard",
    "pre_train_accuracy": 0.665,
    "accuracy_gain": 0.027999999999999914,
    "timestamp": 1766008065.9825366
  },
  "placement_late_8x2_kd": {
    "accuracy": 0.693,
    "top2_accuracy": 0.867,
    "ece": 0.048764031499624286,
    "flops": 3023656976384.0,
    "tokens_per_second": 8023.0804713367015,
    "ms_per_token": 0.12464040508787183,
    "samples_per_second": 27.593480779119208,
    "total_time": 1.8120222091674805,
    "total_params": 26985894016,
    "active_params": 26985894016,
    "trainable_params": 13631488,
    "sparsity_ratio": 1.0,
    "model_size_mb": 51497.50830078125,
    "gpu_memory_allocated_gb": 51.30412435531616,
    "gpu_memory_reserved_gb": 52.875,
    "phase": "kd_training",
    "training_mode": "kd",
    "pre_train_accuracy": 0.665,
    "accuracy_gain": 0.027999999999999914,
    "kd_config": {
      "kd_alpha": 0.5,
      "temperature": 4.0,
      "routing_kd_weight": 0.0,
      "expert_spec_weight": 0.0,
      "enable_routing_kd": false,
      "enable_ka": false,
      "enable_sar": false,
      "enable_non_activated": false,
      "router_aux_loss_coef": 0.001,
      "name": "Standard KD"
    },
    "timestamp": 1766008604.4188554
  },
  "timestamp": 1766008604.4210827
}