{
  "experiment_name": "routing_noisy_8x2",
  "config": {
    "num_experts": 8,
    "num_experts_per_tok": 2,
    "router_jitter_noise": 0.2,
    "router_aux_loss_coef": 0.001,
    "expert_layers": "all",
    "layer_indices": null,
    "load_balancing_loss_coef": 0.01,
    "experiment_name": "routing_noisy_8x2",
    "description": "Noisy routing: 8 experts, top-2, high jitter (0.2)"
  },
  "phases": {
    "pre_training": {
      "accuracy": 0.667,
      "top2_accuracy": 0.834,
      "ece": 0.08457421875,
      "flops": 3023656976384.0,
      "tokens_per_second": 6908.026596735361,
      "ms_per_token": 0.14475914155753053,
      "samples_per_second": 23.758517666581927,
      "total_time": 2.104508399963379,
      "total_params": 46702792960,
      "active_params": 46702792960,
      "trainable_params": 46702792960,
      "sparsity_ratio": 1.0,
      "model_size_mb": 89078.50854492188,
      "gpu_memory_allocated_gb": 87.05520009994507,
      "gpu_memory_reserved_gb": 87.32421875,
      "phase": "pre_training",
      "timestamp": 1766008898.3552465
    },
    "standard_training": {
      "accuracy": 0.7,
      "top2_accuracy": 0.866,
      "ece": 0.026485794186592065,
      "flops": 3023656976384.0,
      "tokens_per_second": 5631.0815442534595,
      "ms_per_token": 0.17758577852961546,
      "samples_per_second": 19.366768277113287,
      "total_time": 2.58174204826355,
      "total_params": 46716424448,
      "active_params": 46716424448,
      "trainable_params": 13631488,
      "sparsity_ratio": 1.0,
      "model_size_mb": 89130.50854492188,
      "gpu_memory_allocated_gb": 88.08092832565308,
      "gpu_memory_reserved_gb": 89.263671875,
      "phase": "standard_training",
      "training_mode": "standard",
      "pre_train_accuracy": 0.667,
      "accuracy_gain": 0.03299999999999992,
      "timestamp": 1766009675.958972
    },
    "kd_training": {
      "accuracy": 0.701,
      "top2_accuracy": 0.861,
      "ece": 0.03520152723789212,
      "flops": 3023656976384.0,
      "tokens_per_second": 5808.81270804179,
      "ms_per_token": 0.1721522194398845,
      "samples_per_second": 19.978032425511728,
      "total_time": 2.502748966217041,
      "total_params": 46716424448,
      "active_params": 46716424448,
      "trainable_params": 13631488,
      "sparsity_ratio": 1.0,
      "model_size_mb": 89130.50854492188,
      "gpu_memory_allocated_gb": 89.00423574447632,
      "gpu_memory_reserved_gb": 90.361328125,
      "phase": "kd_training",
      "training_mode": "kd",
      "pre_train_accuracy": 0.667,
      "accuracy_gain": 0.03399999999999992,
      "kd_config": {
        "kd_alpha": 0.5,
        "temperature": 4.0,
        "routing_kd_weight": 0.0,
        "expert_spec_weight": 0.0,
        "enable_routing_kd": false,
        "enable_ka": false,
        "enable_sar": false,
        "enable_non_activated": false,
        "router_aux_loss_coef": 0.001,
        "name": "Standard KD"
      },
      "timestamp": 1766010447.8137789
    }
  },
  "routing_noisy_8x2_standard": {
    "accuracy": 0.7,
    "top2_accuracy": 0.866,
    "ece": 0.026485794186592065,
    "flops": 3023656976384.0,
    "tokens_per_second": 5631.0815442534595,
    "ms_per_token": 0.17758577852961546,
    "samples_per_second": 19.366768277113287,
    "total_time": 2.58174204826355,
    "total_params": 46716424448,
    "active_params": 46716424448,
    "trainable_params": 13631488,
    "sparsity_ratio": 1.0,
    "model_size_mb": 89130.50854492188,
    "gpu_memory_allocated_gb": 88.08092832565308,
    "gpu_memory_reserved_gb": 89.263671875,
    "phase": "standard_training",
    "training_mode": "standard",
    "pre_train_accuracy": 0.667,
    "accuracy_gain": 0.03299999999999992,
    "timestamp": 1766009675.958972
  },
  "routing_noisy_8x2_kd": {
    "accuracy": 0.701,
    "top2_accuracy": 0.861,
    "ece": 0.03520152723789212,
    "flops": 3023656976384.0,
    "tokens_per_second": 5808.81270804179,
    "ms_per_token": 0.1721522194398845,
    "samples_per_second": 19.978032425511728,
    "total_time": 2.502748966217041,
    "total_params": 46716424448,
    "active_params": 46716424448,
    "trainable_params": 13631488,
    "sparsity_ratio": 1.0,
    "model_size_mb": 89130.50854492188,
    "gpu_memory_allocated_gb": 89.00423574447632,
    "gpu_memory_reserved_gb": 90.361328125,
    "phase": "kd_training",
    "training_mode": "kd",
    "pre_train_accuracy": 0.667,
    "accuracy_gain": 0.03399999999999992,
    "kd_config": {
      "kd_alpha": 0.5,
      "temperature": 4.0,
      "routing_kd_weight": 0.0,
      "expert_spec_weight": 0.0,
      "enable_routing_kd": false,
      "enable_ka": false,
      "enable_sar": false,
      "enable_non_activated": false,
      "router_aux_loss_coef": 0.001,
      "name": "Standard KD"
    },
    "timestamp": 1766010447.8137789
  },
  "timestamp": 1766010447.8158536
}