{
  "accuracy": 0.701,
  "top2_accuracy": 0.861,
  "ece": 0.03520152723789212,
  "flops": 3023656976384.0,
  "tokens_per_second": 5808.81270804179,
  "ms_per_token": 0.1721522194398845,
  "samples_per_second": 19.978032425511728,
  "total_time": 2.502748966217041,
  "total_params": 46716424448,
  "active_params": 46716424448,
  "trainable_params": 13631488,
  "sparsity_ratio": 1.0,
  "model_size_mb": 89130.50854492188,
  "gpu_memory_allocated_gb": 89.00423574447632,
  "gpu_memory_reserved_gb": 90.361328125,
  "phase": "kd_training",
  "training_mode": "kd",
  "pre_train_accuracy": 0.667,
  "accuracy_gain": 0.03399999999999992,
  "kd_config": {
    "kd_alpha": 0.5,
    "temperature": 4.0,
    "routing_kd_weight": 0.0,
    "expert_spec_weight": 0.0,
    "enable_routing_kd": false,
    "enable_ka": false,
    "enable_sar": false,
    "enable_non_activated": false,
    "router_aux_loss_coef": 0.001,
    "name": "Standard KD"
  },
  "timestamp": 1766010447.8137789
}