{
  "accuracy": 0.696,
  "top2_accuracy": 0.858,
  "ece": 0.03861421319842341,
  "flops": 3023656976384.0,
  "tokens_per_second": 5715.013830630056,
  "ms_per_token": 0.17497770427788348,
  "samples_per_second": 19.65543345243519,
  "total_time": 2.54382586479187,
  "total_params": 46716424448,
  "active_params": 46716424448,
  "trainable_params": 13631488,
  "sparsity_ratio": 1.0,
  "model_size_mb": 89130.50854492188,
  "gpu_memory_allocated_gb": 94.58782577514648,
  "gpu_memory_reserved_gb": 95.873046875,
  "phase": "trained",
  "training_mode": "standard",
  "pre_train_accuracy": 0.667,
  "accuracy_gain": 0.028999999999999915,
  "pre_train_results": {
    "accuracy": 0.667,
    "top2_accuracy": 0.834,
    "ece": 0.08457421875,
    "flops": 3023656976384.0,
    "tokens_per_second": 6640.887119344589,
    "ms_per_token": 0.15058229149642482,
    "samples_per_second": 22.839754847106168,
    "total_time": 2.1891653537750244,
    "total_params": 46702792960,
    "active_params": 46702792960,
    "trainable_params": 46702792960,
    "sparsity_ratio": 1.0,
    "model_size_mb": 89078.50854492188,
    "gpu_memory_allocated_gb": 93.56209754943848,
    "gpu_memory_reserved_gb": 93.859375
  },
  "config": {
    "num_experts": 8,
    "num_experts_per_tok": 2,
    "router_jitter_noise": 0.2,
    "router_aux_loss_coef": 0.001,
    "expert_layers": "all",
    "layer_indices": null,
    "load_balancing_loss_coef": 0.01,
    "experiment_name": "routing_noisy_8x2",
    "description": "Noisy routing: 8 experts, top-2, high jitter (0.2)"
  },
  "timestamp": 1765933562.9490788
}