{
  "accuracy": 0.691,
  "top2_accuracy": 0.859,
  "ece": 0.04199986150860788,
  "flops": 3023656976384.0,
  "tokens_per_second": 8062.284564434569,
  "ms_per_token": 0.1240343220346419,
  "samples_per_second": 27.728313951143793,
  "total_time": 1.803210973739624,
  "total_params": 26985894016,
  "active_params": 26985894016,
  "trainable_params": 13631488,
  "sparsity_ratio": 1.0,
  "model_size_mb": 51497.50830078125,
  "gpu_memory_allocated_gb": 57.36227798461914,
  "gpu_memory_reserved_gb": 58.779296875,
  "phase": "trained",
  "training_mode": "standard",
  "pre_train_accuracy": 0.664,
  "accuracy_gain": 0.026999999999999913,
  "pre_train_results": {
    "accuracy": 0.664,
    "top2_accuracy": 0.828,
    "ece": 0.08134960937499999,
    "flops": 3023656976384.0,
    "tokens_per_second": 10034.589980680177,
    "ms_per_token": 0.09965529253565145,
    "samples_per_second": 34.51159024859051,
    "total_time": 1.4487886428833008,
    "total_params": 26972262528,
    "active_params": 26972262528,
    "trainable_params": 26972262528,
    "sparsity_ratio": 1.0,
    "model_size_mb": 51445.50830078125,
    "gpu_memory_allocated_gb": 56.811113357543945,
    "gpu_memory_reserved_gb": 57.1015625
  },
  "config": {
    "num_experts": 8,
    "num_experts_per_tok": 2,
    "router_jitter_noise": 0.0,
    "router_aux_loss_coef": 0.001,
    "expert_layers": "every_2",
    "layer_indices": null,
    "load_balancing_loss_coef": 0.01,
    "experiment_name": "sparse_8x2",
    "description": "Sparse placement: experts every 2nd layer"
  },
  "timestamp": 1765931063.1276956
}