{
  "experiment_name": "sparse_8x2",
  "config": {
    "num_experts": 8,
    "num_experts_per_tok": 2,
    "router_jitter_noise": 0.0,
    "router_aux_loss_coef": 0.001,
    "expert_layers": "every_2",
    "layer_indices": null,
    "load_balancing_loss_coef": 0.01,
    "experiment_name": "sparse_8x2",
    "description": "Sparse placement: experts every 2nd layer"
  },
  "phases": {
    "pre_training": {
      "accuracy": 0.664,
      "top2_accuracy": 0.828,
      "ece": 0.08134960937499999,
      "flops": 3023656976384.0,
      "tokens_per_second": 10208.257664757442,
      "ms_per_token": 0.09795990979463202,
      "samples_per_second": 35.10887902310305,
      "total_time": 1.4241411685943604,
      "total_params": 26972262528,
      "active_params": 26972262528,
      "trainable_params": 26972262528,
      "sparsity_ratio": 1.0,
      "model_size_mb": 51445.50830078125,
      "gpu_memory_allocated_gb": 50.27198934555054,
      "gpu_memory_reserved_gb": 50.544921875,
      "phase": "pre_training",
      "timestamp": 1766003776.6107686
    },
    "standard_training": {
      "accuracy": 0.701,
      "top2_accuracy": 0.865,
      "ece": 0.041608989447355284,
      "flops": 3023656976384.0,
      "tokens_per_second": 8267.597846569282,
      "ms_per_token": 0.12095411733348393,
      "samples_per_second": 28.434440248209114,
      "total_time": 1.7584309577941895,
      "total_params": 26985894016,
      "active_params": 26985894016,
      "trainable_params": 13631488,
      "sparsity_ratio": 1.0,
      "model_size_mb": 51497.50830078125,
      "gpu_memory_allocated_gb": 50.85538053512573,
      "gpu_memory_reserved_gb": 52.248046875,
      "phase": "standard_training",
      "training_mode": "standard",
      "pre_train_accuracy": 0.664,
      "accuracy_gain": 0.03699999999999992,
      "timestamp": 1766004311.9701252
    },
    "kd_training": {
      "accuracy": 0.689,
      "top2_accuracy": 0.865,
      "ece": 0.04425268387794494,
      "flops": 3023656976384.0,
      "tokens_per_second": 8263.012259795294,
      "ms_per_token": 0.12102124123252525,
      "samples_per_second": 28.418669211016972,
      "total_time": 1.7594068050384521,
      "total_params": 26985894016,
      "active_params": 26985894016,
      "trainable_params": 13631488,
      "sparsity_ratio": 1.0,
      "model_size_mb": 51497.50830078125,
      "gpu_memory_allocated_gb": 51.329944133758545,
      "gpu_memory_reserved_gb": 52.77734375,
      "phase": "kd_training",
      "training_mode": "kd",
      "pre_train_accuracy": 0.664,
      "accuracy_gain": 0.02499999999999991,
      "kd_config": {
        "kd_alpha": 0.5,
        "temperature": 4.0,
        "routing_kd_weight": 0.0,
        "expert_spec_weight": 0.0,
        "enable_routing_kd": false,
        "enable_ka": false,
        "enable_sar": false,
        "enable_non_activated": false,
        "router_aux_loss_coef": 0.001,
        "name": "Standard KD"
      },
      "timestamp": 1766004848.0353386
    }
  },
  "sparse_8x2_standard": {
    "accuracy": 0.701,
    "top2_accuracy": 0.865,
    "ece": 0.041608989447355284,
    "flops": 3023656976384.0,
    "tokens_per_second": 8267.597846569282,
    "ms_per_token": 0.12095411733348393,
    "samples_per_second": 28.434440248209114,
    "total_time": 1.7584309577941895,
    "total_params": 26985894016,
    "active_params": 26985894016,
    "trainable_params": 13631488,
    "sparsity_ratio": 1.0,
    "model_size_mb": 51497.50830078125,
    "gpu_memory_allocated_gb": 50.85538053512573,
    "gpu_memory_reserved_gb": 52.248046875,
    "phase": "standard_training",
    "training_mode": "standard",
    "pre_train_accuracy": 0.664,
    "accuracy_gain": 0.03699999999999992,
    "timestamp": 1766004311.9701252
  },
  "sparse_8x2_kd": {
    "accuracy": 0.689,
    "top2_accuracy": 0.865,
    "ece": 0.04425268387794494,
    "flops": 3023656976384.0,
    "tokens_per_second": 8263.012259795294,
    "ms_per_token": 0.12102124123252525,
    "samples_per_second": 28.418669211016972,
    "total_time": 1.7594068050384521,
    "total_params": 26985894016,
    "active_params": 26985894016,
    "trainable_params": 13631488,
    "sparsity_ratio": 1.0,
    "model_size_mb": 51497.50830078125,
    "gpu_memory_allocated_gb": 51.329944133758545,
    "gpu_memory_reserved_gb": 52.77734375,
    "phase": "kd_training",
    "training_mode": "kd",
    "pre_train_accuracy": 0.664,
    "accuracy_gain": 0.02499999999999991,
    "kd_config": {
      "kd_alpha": 0.5,
      "temperature": 4.0,
      "routing_kd_weight": 0.0,
      "expert_spec_weight": 0.0,
      "enable_routing_kd": false,
      "enable_ka": false,
      "enable_sar": false,
      "enable_non_activated": false,
      "router_aux_loss_coef": 0.001,
      "name": "Standard KD"
    },
    "timestamp": 1766004848.0353386
  },
  "timestamp": 1766004848.0368705
}