{
  "accuracy": 0.689,
  "top2_accuracy": 0.865,
  "ece": 0.04425268387794494,
  "flops": 3023656976384.0,
  "tokens_per_second": 8263.012259795294,
  "ms_per_token": 0.12102124123252525,
  "samples_per_second": 28.418669211016972,
  "total_time": 1.7594068050384521,
  "total_params": 26985894016,
  "active_params": 26985894016,
  "trainable_params": 13631488,
  "sparsity_ratio": 1.0,
  "model_size_mb": 51497.50830078125,
  "gpu_memory_allocated_gb": 51.329944133758545,
  "gpu_memory_reserved_gb": 52.77734375,
  "phase": "kd_training",
  "training_mode": "kd",
  "pre_train_accuracy": 0.664,
  "accuracy_gain": 0.02499999999999991,
  "kd_config": {
    "kd_alpha": 0.5,
    "temperature": 4.0,
    "routing_kd_weight": 0.0,
    "expert_spec_weight": 0.0,
    "enable_routing_kd": false,
    "enable_ka": false,
    "enable_sar": false,
    "enable_non_activated": false,
    "router_aux_loss_coef": 0.001,
    "name": "Standard KD"
  },
  "timestamp": 1766004848.0353386
}