{
  "experiment_name": "top1_8x1",
  "config": {
    "num_experts": 8,
    "num_experts_per_tok": 1,
    "router_jitter_noise": 0.0,
    "router_aux_loss_coef": 0.001,
    "expert_layers": "all",
    "layer_indices": null,
    "load_balancing_loss_coef": 0.01,
    "experiment_name": "top1_8x1",
    "description": "Top-1 routing: 8 experts, single expert per token"
  },
  "phases": {
    "pre_training": {
      "accuracy": 0.664,
      "top2_accuracy": 0.831,
      "ece": 0.08158789062500002,
      "flops": 2061584302080.0,
      "tokens_per_second": 9239.946604906188,
      "ms_per_token": 0.10822573362805195,
      "samples_per_second": 31.778602988396575,
      "total_time": 1.5733857154846191,
      "total_params": 46702792960,
      "active_params": 46702792960,
      "trainable_params": 46702792960,
      "sparsity_ratio": 1.0,
      "model_size_mb": 89078.50854492188,
      "gpu_memory_allocated_gb": 88.34286165237427,
      "gpu_memory_reserved_gb": 88.748046875,
      "phase": "pre_training",
      "timestamp": 1766001245.4924855
    },
    "standard_training": {
      "accuracy": 0.696,
      "top2_accuracy": 0.86,
      "ece": 0.04067900195717815,
      "flops": 2061584302080.0,
      "tokens_per_second": 6942.832201998999,
      "ms_per_token": 0.1440334392226961,
      "samples_per_second": 23.87822328380451,
      "total_time": 2.0939581394195557,
      "total_params": 46716424448,
      "active_params": 46716424448,
      "trainable_params": 13631488,
      "sparsity_ratio": 1.0,
      "model_size_mb": 89130.50854492188,
      "gpu_memory_allocated_gb": 89.36858987808228,
      "gpu_memory_reserved_gb": 90.8359375,
      "phase": "standard_training",
      "training_mode": "standard",
      "pre_train_accuracy": 0.664,
      "accuracy_gain": 0.03199999999999992,
      "timestamp": 1766001878.7509239
    },
    "kd_training": {
      "accuracy": 0.692,
      "top2_accuracy": 0.863,
      "ece": 0.044880509316921245,
      "flops": 2061584302080.0,
      "tokens_per_second": 7053.3665984119025,
      "ms_per_token": 0.14177626896993478,
      "samples_per_second": 24.25838010184311,
      "total_time": 2.061143398284912,
      "total_params": 46716424448,
      "active_params": 46716424448,
      "trainable_params": 13631488,
      "sparsity_ratio": 1.0,
      "model_size_mb": 89130.50854492188,
      "gpu_memory_allocated_gb": 90.3177170753479,
      "gpu_memory_reserved_gb": 91.87109375,
      "phase": "kd_training",
      "training_mode": "kd",
      "pre_train_accuracy": 0.664,
      "accuracy_gain": 0.027999999999999914,
      "kd_config": {
        "kd_alpha": 0.5,
        "temperature": 4.0,
        "routing_kd_weight": 0.0,
        "expert_spec_weight": 0.0,
        "enable_routing_kd": false,
        "enable_ka": false,
        "enable_sar": false,
        "enable_non_activated": false,
        "router_aux_loss_coef": 0.001,
        "name": "Standard KD"
      },
      "timestamp": 1766002532.1109364
    }
  },
  "top1_8x1_standard": {
    "accuracy": 0.696,
    "top2_accuracy": 0.86,
    "ece": 0.04067900195717815,
    "flops": 2061584302080.0,
    "tokens_per_second": 6942.832201998999,
    "ms_per_token": 0.1440334392226961,
    "samples_per_second": 23.87822328380451,
    "total_time": 2.0939581394195557,
    "total_params": 46716424448,
    "active_params": 46716424448,
    "trainable_params": 13631488,
    "sparsity_ratio": 1.0,
    "model_size_mb": 89130.50854492188,
    "gpu_memory_allocated_gb": 89.36858987808228,
    "gpu_memory_reserved_gb": 90.8359375,
    "phase": "standard_training",
    "training_mode": "standard",
    "pre_train_accuracy": 0.664,
    "accuracy_gain": 0.03199999999999992,
    "timestamp": 1766001878.7509239
  },
  "top1_8x1_kd": {
    "accuracy": 0.692,
    "top2_accuracy": 0.863,
    "ece": 0.044880509316921245,
    "flops": 2061584302080.0,
    "tokens_per_second": 7053.3665984119025,
    "ms_per_token": 0.14177626896993478,
    "samples_per_second": 24.25838010184311,
    "total_time": 2.061143398284912,
    "total_params": 46716424448,
    "active_params": 46716424448,
    "trainable_params": 13631488,
    "sparsity_ratio": 1.0,
    "model_size_mb": 89130.50854492188,
    "gpu_memory_allocated_gb": 90.3177170753479,
    "gpu_memory_reserved_gb": 91.87109375,
    "phase": "kd_training",
    "training_mode": "kd",
    "pre_train_accuracy": 0.664,
    "accuracy_gain": 0.027999999999999914,
    "kd_config": {
      "kd_alpha": 0.5,
      "temperature": 4.0,
      "routing_kd_weight": 0.0,
      "expert_spec_weight": 0.0,
      "enable_routing_kd": false,
      "enable_ka": false,
      "enable_sar": false,
      "enable_non_activated": false,
      "router_aux_loss_coef": 0.001,
      "name": "Standard KD"
    },
    "timestamp": 1766002532.1109364
  },
  "timestamp": 1766002532.112663
}