{
  "accuracy": 0.697,
  "top2_accuracy": 0.864,
  "ece": 0.03988435599207878,
  "flops": 2061584302080.0,
  "tokens_per_second": 7515.625083442865,
  "ms_per_token": 0.13305613157886603,
  "samples_per_second": 25.848208431155815,
  "total_time": 1.9343700408935547,
  "total_params": 46716424448,
  "active_params": 46716424448,
  "trainable_params": 13631488,
  "sparsity_ratio": 1.0,
  "model_size_mb": 89130.50854492188,
  "gpu_memory_allocated_gb": 94.58782577514648,
  "gpu_memory_reserved_gb": 96.052734375,
  "phase": "trained",
  "training_mode": "standard",
  "pre_train_accuracy": 0.664,
  "accuracy_gain": 0.03299999999999992,
  "pre_train_results": {
    "accuracy": 0.664,
    "top2_accuracy": 0.831,
    "ece": 0.08158789062500002,
    "flops": 2061584302080.0,
    "tokens_per_second": 9466.701021411116,
    "ms_per_token": 0.10563341947086642,
    "samples_per_second": 32.55847097747667,
    "total_time": 1.535698652267456,
    "total_params": 46702792960,
    "active_params": 46702792960,
    "trainable_params": 46702792960,
    "sparsity_ratio": 1.0,
    "model_size_mb": 89078.50854492188,
    "gpu_memory_allocated_gb": 93.56209754943848,
    "gpu_memory_reserved_gb": 93.859375
  },
  "config": {
    "num_experts": 8,
    "num_experts_per_tok": 1,
    "router_jitter_noise": 0.0,
    "router_aux_loss_coef": 0.001,
    "expert_layers": "all",
    "layer_indices": null,
    "load_balancing_loss_coef": 0.01,
    "experiment_name": "top1_8x1",
    "description": "Top-1 routing: 8 experts, single expert per token"
  },
  "timestamp": 1765930490.7613928
}