{
  "accuracy": 0.692,
  "top2_accuracy": 0.863,
  "ece": 0.044880509316921245,
  "flops": 2061584302080.0,
  "tokens_per_second": 7053.3665984119025,
  "ms_per_token": 0.14177626896993478,
  "samples_per_second": 24.25838010184311,
  "total_time": 2.061143398284912,
  "total_params": 46716424448,
  "active_params": 46716424448,
  "trainable_params": 13631488,
  "sparsity_ratio": 1.0,
  "model_size_mb": 89130.50854492188,
  "gpu_memory_allocated_gb": 90.3177170753479,
  "gpu_memory_reserved_gb": 91.87109375,
  "phase": "kd_training",
  "training_mode": "kd",
  "pre_train_accuracy": 0.664,
  "accuracy_gain": 0.027999999999999914,
  "kd_config": {
    "kd_alpha": 0.5,
    "temperature": 4.0,
    "routing_kd_weight": 0.0,
    "expert_spec_weight": 0.0,
    "enable_routing_kd": false,
    "enable_ka": false,
    "enable_sar": false,
    "enable_non_activated": false,
    "router_aux_loss_coef": 0.001,
    "name": "Standard KD"
  },
  "timestamp": 1766002532.1109364
}