{
  "baseline": {
    "accuracy": 0.664,
    "top2_accuracy": 0.831,
    "correct": 664,
    "total": 1000,
    "ece": 0.08158789062500002,
    "throughput": 65.82738491934548,
    "avg_latency": 0.015191246032714843,
    "flops": 8796093022208,
    "tokens_per_second": 29476.306580749228,
    "ms_per_token": 0.033925552961004045,
    "samples_per_second": 103.64019050226514,
    "total_time": 0.964876651763916,
    "total_params": 7241732096,
    "active_params": 7241732096,
    "trainable_params": 7241732096,
    "sparsity_ratio": 1.0,
    "model_size_mb": 13812.508056640625,
    "gpu_memory_allocated_gb": 13.52002763748169,
    "gpu_memory_reserved_gb": 20.62109375
  },
  "trained": {
    "accuracy": 0.697,
    "top2_accuracy": 0.864,
    "correct": 697,
    "total": 1000,
    "ece": 0.04533782932162286,
    "throughput": 19.20466815619194,
    "avg_latency": 0.05207067322731018,
    "flops": 3023656976384.0,
    "tokens_per_second": 5346.35123967331,
    "ms_per_token": 0.18704345359492414,
    "samples_per_second": 18.79804240242365,
    "total_time": 5.319702863693237,
    "total_params": 46716424448,
    "active_params": 46716424448,
    "trainable_params": 13631488,
    "sparsity_ratio": 1.0,
    "model_size_mb": 89130.50854492188,
    "gpu_memory_allocated_gb": 106.36980199813843,
    "gpu_memory_reserved_gb": 106.9140625
  },
  "improvements": {
    "accuracy_diff": 0.03299999999999992,
    "accuracy_change_pct": 4.969879518072276,
    "throughput_diff": -24129.955341075918,
    "throughput_change_pct": -81.86220778703334,
    "memory_diff_gb": 92.84977436065674
  }
}