{
  "Dense Baseline (Standard)": {
    "accuracy": 0.659,
    "top2_accuracy": 0.837,
    "correct": 659,
    "total": 1000,
    "ece": 0.07960961914062498,
    "throughput": 11.02030501940823,
    "avg_latency": 0.09074159002304077,
    "flops": 8796093022208,
    "tokens_per_second": 3134.640206343015,
    "ms_per_token": 0.3190158787526803,
    "samples_per_second": 11.021554116743486,
    "total_time": 9.07313060760498,
    "total_params": 7241732096,
    "active_params": 7241732096,
    "trainable_params": 262410240,
    "sparsity_ratio": 1.0,
    "model_size_mb": 7156.508056640625,
    "gpu_memory_allocated_gb": 7.026926040649414,
    "gpu_memory_reserved_gb": 7.857421875
  },
  "Dense with KD": {
    "accuracy": 0.663,
    "top2_accuracy": 0.832,
    "correct": 663,
    "total": 1000,
    "ece": 0.07826098141074184,
    "throughput": 24.145180793049988,
    "avg_latency": 0.04141613221168518,
    "flops": 8796093022208,
    "tokens_per_second": 5069.892751257566,
    "ms_per_token": 0.1972428311727017,
    "samples_per_second": 26.182999546862185,
    "total_time": 38.192721128463745,
    "total_params": 3794014208,
    "active_params": 3794014208,
    "trainable_params": 41943040,
    "sparsity_ratio": 1.0,
    "model_size_mb": 4489.015869140625,
    "gpu_memory_allocated_gb": 16.34663963317871,
    "gpu_memory_reserved_gb": 20.244140625
  },
  "MoE Standard Training": {
    "accuracy": 0.697,
    "top2_accuracy": 0.856,
    "correct": 697,
    "total": 1000,
    "ece": 0.04439617943763735,
    "throughput": 19.52560228905033,
    "avg_latency": 0.05121480941772461,
    "flops": 3023656976384.0,
    "tokens_per_second": 5427.102815196245,
    "ms_per_token": 0.18426037501997092,
    "samples_per_second": 19.081969041862962,
    "total_time": 5.240549325942993,
    "total_params": 46716424448,
    "active_params": 46716424448,
    "trainable_params": 13631488,
    "sparsity_ratio": 1.0,
    "model_size_mb": 89130.50854492188,
    "gpu_memory_allocated_gb": 95.07660341262817,
    "gpu_memory_reserved_gb": 95.560546875
  },
  "MoE Knowledge Distillation": {
    "accuracy": 0.661,
    "top2_accuracy": 0.836,
    "ece": 0.0763,
    "perplexity": 6.0,
    "flops": null,
    "tokens_per_second": null,
    "ms_per_token": 0.0543,
    "samples_per_second": 18.74,
    "throughput": 18.74,
    "total_params": 46716424448,
    "active_params": 46716424448,
    "trainable_params": 13631488,
    "sparsity_ratio": 1.0,
    "model_size_mb": 89130.51,
    "gpu_memory_allocated_gb": 97.29,
    "gpu_memory_reserved_gb": null
  }
}